,cid,smiles,class,activity,pIC50,class_activity
0,166630025,C1CCC(C1)C2=CN(C3=NC=NC(=C23)N)[C@H]4[C@@H]([C@@H]([C@H](O4)COC5=CC6=C(C=C5)C(=CC(=N6)N)N)O)O,Active,0.01,8.0,active
1,156442187,CC(C)(C)CNCC1=CC2=C(N1)C=C(C=C2)CNC(=O)C3=CN=C4C(=C3)C=CN4,Active,0.0188,7.72584215073632,active
2,163239121,C1CC(C1)CNCC2=CN3C=C(N=C3C=C2)CNC(=O)C4=CC=CN5C4=CN=C5,Active,0.0365,7.437707135543525,active
3,163239057,CC1=NC(=CC(=O)N1C)C(=O)NCC2=CN3C=C(C=CC3=N2)CNCC4CCCCC4,Active,0.719,6.1432711096171175,active
4,163239192,C1CC(C1)CNCC2=CN3C=C(N=C3C=C2)CNC(=O)C4=CC=CC5=CN=CN54,Active,0.104,6.98296666070122,active
5,155167464,C1CCC(CC1)CNCC2=CN3C=C(N=C3C=C2)CNC(=O)C4=CC5=CC=CC=C5N=C4,Active,1.19,5.924453038607469,active
6,163239096,C1CC(C1)CNCC2=CN3C=C(N=C3C=C2)CNC(=O)C4=CC5=C(C=C4)NC=C5,Active,3.82,5.417936637088292,active
7,163239157,C1CC(C1)CNCC2=CN3C=C(N=C3C=C2)CNC(=O)C4=CC5=C(N=C4)N=CN5,Active,1.07,5.97061622231479,active
8,163239067,C1CC(C1)CNCC2=CN3C=C(N=C3C=C2)CNC(=O)C4=CN=C5C(=C4)C=CN5,Active,0.0145,7.838631997765025,active
9,163239138,CN1C=CC2=CC(=CN=C21)C(=O)NCC3=CN4C=C(C=CC4=N3)CNCC5CCC5,Active,1.6,5.795880017344075,active
10,163239141,C1CC(C1)CNCC2=CN3C=C(N=C3C=C2)CNC(=O)C4=CN=C5C(=N4)C=CN5,Active,0.0141,7.85078088734462,active
11,163239047,C1CCC(CC1)CNCC2=CN3C=C(N=C3C=C2)CNC(=O)C4=C5C=NNC5=NC=C4,Active,1.4,5.853871964321762,active
12,163239137,C1CCC(CC1)CNCC2=CN3C=C(N=C3C=C2)CNC(=O)C4=NC5=CC=CC=C5N=C4,Active,0.151,6.82102305270683,active
13,163239101,C1CCC(CC1)CNCC2=CN3C=C(N=C3C=C2)CNC(=O)C4=CC(=O)N5C=CC=CC5=C4,Active,0.0877,7.05700040663396,active
14,156461785,C1CC(C1)CNCC2=CC3=C(N2)C=C(C=C3)CC4=CN(N=N4)C5=CC=CC6=C5C=NN6,Active,0.00702,8.153662887870194,active
15,168489999,C1CC(C1)CNCC2=CC3=C(N2)C=C(C=C3)CC4=CN(N=N4)C5CCCC6C5CNN6,Active,0.00702,8.153662887870194,active
16,156461683,C1CC(C1)CNCC2=CC3=C(N2)C=C(C=C3)CC4=NC(=NO4)C5=C6C=NNC6=CC=C5,Active,0.0159,7.798602875679548,active
17,168490000,C1CC2C(CNN2)C(C1)N3C=C(N=N3)CC4=CC5=C(C=C4)C=C(N5)CNCC6CC(C6)(F)F,Active,0.00791,8.101823516502323,active
18,156748982,C1C(CC1(F)F)CNCC2=CC3=C(N2)C=C(C=C3)CC4=CN(N=N4)C5=CC=CC6=C5C=NN6,Active,0.00791,8.101823516502323,active
19,163239272,C1=CC=C(C=C1)CNC/C=C/CC[C@@H]2[C@H]([C@H]([C@@H](O2)N3C=C(C4=C(N=CN=C43)N)Br)O)O,Active,0.123,6.910094888560602,active
20,163239232,C1C2(CC1(C2)F)CNCCC/C=C/[C@@H]3[C@H]([C@H]([C@@H](O3)N4C=C(C5=C(N=CN=C54)N)Br)O)O,Active,0.006,8.221848749616356,active
21,163239225,C1C(CC1N)/C=C/[C@@H]2[C@H]([C@H]([C@@H](O2)N3C=C(C4=C(N=CN=C43)N)Br)O)O,Active,1.31,5.882728704344236,active
22,163239257,C1C(CN1)/C=C/[C@@H]2[C@H]([C@H]([C@@H](O2)N3C=C(C4=C(N=CN=C43)N)Br)O)O,Active,0.46,6.337242168318426,active
23,171400787,C1CC(C1)CNCCC/C=C/[C@@H]2[C@H]([C@H]([C@@H](O2)N3C=C(C4=C(N=CN=C43)N)Br)O)O,Active,0.0426,7.370590400897282,active
24,171400793,C1[C@@H]([C@H]([C@H]([C@@H]1N2C=C(C3=C(N=CN=C32)N)Br)O)O)C4=CC=C(C=C4)CCNCC56CC(C5)(C6)F,Active,0.0466,7.33161408331,active
25,171400800,C1=C(C2=C(N=CN=C2N1[C@H]3[C@@H]([C@@H]([C@H](O3)/C=C/CCN)O)O)N)Br,Active,0.568,6.245651664288982,active
26,163239314,C1[C@@H]([C@H](O[C@H]1N2C=C(C3=C(N=CN=C32)N)Br)/C=C/CCCNCC45CC(C4)(C5)F)O,Active,0.0128,7.892790030352132,active
27,163239304,C1=CC=C(C=C1)CNCCC/C=C/[C@@H]2[C@H]([C@H]([C@@H](O2)N3C=C(C4=C(N=CN=C43)N)Br)O)O,Active,0.0448,7.348721986001856,active
28,163239238,C1C(CO1)/C=C/[C@@H]2[C@H]([C@H]([C@@H](O2)N3C=C(C4=C(N=CN=C43)N)Br)O)O,Active,2.93,5.533132379645891,active
29,163239227,C1COCCN1CCC/C=C/[C@@H]2[C@H]([C@H]([C@@H](O2)N3C=C(C4=C(N=CN=C43)N)Br)O)O,Active,1.09,5.962573502059376,active
30,163239323,C1C(CN1)C/C=C/[C@@H]2[C@H]([C@H]([C@@H](O2)N3C=C(C4=C(N=CN=C43)N)Br)O)O,Active,0.522,6.282329496997738,active
31,163239329,C1C2(CC1(C2)F)CNCCC/C=C/[C@@H]3[C@H]([C@H]([C@@H](O3)N4C=C(C5=C(N=CN=C54)N)C6=CC=NN6)O)O,Active,0.0061,8.214670164989233,active
32,171400790,C1=CC=C(C=C1)CNCC/C=C/[C@@H]2[C@H]([C@H]([C@@H](O2)N3C=C(C4=C(N=CN=C43)N)Br)O)O,Active,0.317,6.498940737782249,active
33,171400798,C1C(CC1(F)F)CNCCC/C=C/[C@@H]2[C@H]([C@H]([C@@H](O2)N3C=C(C4=C(N=CN=C43)N)Br)O)O,Active,0.0227,7.643974142806877,active
34,171400804,C1=C(C2=C(N=CN=C2N1[C@H]3[C@@H]([C@@H]([C@H](O3)/C=C/CCCN)O)O)N)Br,Active,0.505,6.296708621881339,active
35,163239321,C1CNCCC1/C=C/[C@@H]2[C@H]([C@H]([C@@H](O2)N3C=C(C4=C(N=CN=C43)N)Br)O)O,Active,0.413,6.384049948343599,active
36,163239348,C1CC(CNC1)/C=C/[C@@H]2[C@H]([C@H]([C@@H](O2)N3C=C(C4=C(N=CN=C43)N)Br)O)O,Active,0.351,6.454692883534176,active
37,163239335,C1CNCC1/C=C/[C@@H]2[C@H]([C@H]([C@@H](O2)N3C=C(C4=C(N=CN=C43)N)Br)O)O,Active,0.453,6.343901797987169,active
38,163239292,C1CN(CCC1F)CCC/C=C/[C@@H]2[C@H]([C@H]([C@@H](O2)N3C=C(C4=C(N=CN=C43)N)Br)O)O,Active,0.231,6.636388020107856,active
39,163239246,C1CN(CCC1(F)F)CCC/C=C/[C@@H]2[C@H]([C@H]([C@@H](O2)N3C=C(C4=C(N=CN=C43)N)Br)O)O,Active,0.0635,7.197226274708024,active
40,163239334,C1CC(CN(C1)CCC/C=C/[C@@H]2[C@H]([C@H]([C@@H](O2)N3C=C(C4=C(N=CN=C43)N)Br)O)O)F,Active,0.351,6.454692883534176,active
41,163239224,C1[C@H](O[C@H]([C@@H]1O)N2C=C(C3=C(N=CN=C32)N)Br)/C=C/CCCNCC45CC(C4)(C5)F,Active,0.0096,8.017728766960431,active
42,163239299,C1C2(CC1(C2)F)CNCCC/C=C/[C@@H]3[C@@H]([C@H]([C@@H](O3)N4C=C(C5=C(N=CN=C54)N)Br)O)F,Active,0.0197,7.705533773838407,active
43,163239228,C1[C@@H]([C@H]([C@H]([C@@H]1N2C=C(C3=C(N=CN=C32)N)Br)O)O)C4=CC=C(C=C4)CNCC56CC(C5)(C6)F,Active,0.00911,8.040481623027002,active
44,163239249,C1[C@@H]([C@H]([C@H]([C@@H]1N2C=C(C3=C(N=CN=C32)N)Br)O)O)C4=CC=CC(=C4)CCNCC56CC(C5)(C6)F,Active,0.117,6.931814138253839,active
45,163239245,C1C2(CC1(C2)F)CNCCC/C=C/[C@@H]3[C@H]([C@H]([C@@H](O3)N4C=C(C5=C(N=CN=C54)N)Br)F)O,Active,0.06,7.221848749616356,active
46,163239201,C1CC2(C1)CCN(C2)CCC/C=C/[C@@H]3[C@H]([C@H]([C@@H](O3)N4C=C(C5=C(N=CN=C54)N)Br)O)O,Active,0.0239,7.621602099051862,active
47,164570054,CCC1=CC(=C2C=CC(=CC2=N1)OC[C@@H]3[C@H](C[C@@H](O3)N4C=CC5=C(N=CN=C54)N)O)N(C)C6CC6,Active,0.01,8.0,active
48,166039024,CNC1=NC2=C(C=CC(=C2)CN(C)C3=CC=CC(=C3)N4C=C(C5=C(N=CN=C54)N)Br)C=C1,Unspecified,1.0,6.0,active
49,156303957,CNC1=NC2=C(C=CC(=C2)CNC3=CC(=CC=C3)N4C=C(C5=C(N=CN=C54)N)Br)C=C1,Active,0.1,7.0,active
50,156442186,C1CC(C1)CNCC2=CC3=C(N2)C=C(C=C3)CN4C=C(N=N4)C5=CC=CN6C5=CN=C6,Active,0.0063,8.200659450546418,active
51,156461822,C1CC2(C1)CCN(C2)CC3=CC4=C(N3)C=C(N=C4)CN5C=C(N=N5)C6=CC=CN7C6=CN=C7,Active,0.0061,8.214670164989233,active
52,156461753,C1CC(C1)CNCC2=CC3=C(N2)C=C(C=C3)CN4C=C(N=N4)C5=C6C=NNC6=CC=C5,Active,0.0061,8.214670164989233,active
53,156461641,C1CC(C1)(CNCC2=CC3=C(N2)C=C(C=C3)CN4C=C(N=N4)C5=C6C=NNC6=CC=C5)O,Active,0.0061,8.214670164989233,active
54,156442234,C1CC(C1)CNCC2=CC3=C(N2)C=C(C=N3)CN4C=C(N=N4)C5=C6C=NNC6=CC=C5,Active,0.0061,8.214670164989233,active
55,156442378,C1CC(C1)CNCC2=CC3=C(N2)C=C(N=C3)CN4C=C(N=N4)C5=C6C=NNC6=CC=C5,Active,0.0061,8.214670164989233,active
56,156461697,C1CC(C1)CNCC2=CC3=C(N2)C=C(C=C3)CN4C=C(N=C4)C5=C6C=NNC6=CC=C5,Active,0.00682,8.166215625343522,active
57,156442372,C1CC(C1)CNCC2=CC3=C(N2)C=C(C=C3)CN4C=C(N=N4)C5=CN=C6C(=C5)C=CN6,Active,0.0061,8.214670164989233,active
58,156442159,C1CC1NCC2=CC3=C(N2)C=C(C=C3)CN4C=C(N=N4)C5=C6C=NNC6=CC=C5,Active,0.0221,7.655607726314889,active
59,156442194,COC1=CN2C=NC=C2C(=C1)C3=CN(N=N3)CC4=CC5=C(C=C4)C=C(N5)CNCC6CCC6,Active,0.00814,8.089375595110798,active
60,156442354,C1C2(CC1(C2)F)CNCC3=CC4=C(N3)C=C(C=C4)CN5C=C(N=N5)C6=CC=CN7C6=CN=C7,Active,0.0061,8.214670164989233,active
61,168489995,C1CC(C1)CNCC2=CC3=C(N2)C=C(C=C3)CN4C=C(N=N4)C5CCCC6C5NNC6,Active,0.0106,7.97469413473523,active
62,163239127,COC1=CN2C=NC=C2C(=C1)C3=CN(N=N3)CC4=CN5C=C(C=CC5=N4)CNCC6CCC6,Active,0.0061,8.214670164989233,active
63,163239115,C1CC(C1)CNCC2=CN3C=C(N=C3C=C2)CN4C=C(N=N4)C5=CC=CN6C5=CN=C6,Active,0.0061,8.214670164989233,active
64,156442211,COC1=CC(=C(N=C1)C#N)C2=CN(N=N2)CC3=CC4=C(C=C3)C=C(N4)CNCC5CCC5,Active,0.0346,7.460923901207224,active
65,156442368,COC1=CN=CC(=C1)C2=CN(N=N2)CC3=CC4=C(C=C3)C=C(N4)CNCC5CCC5,Active,0.0068,8.167491087293763,active
66,168489992,C1CC(C2CNNC2C1)C3=CN(N=N3)CC4=CC5=C(C=C4)C=C(N5)CNCC6CC6,Active,0.0116,7.935542010773082,active
67,156442382,C1C2(CC1(C2)F)CNCC3=CC4=C(N3)C=C(N=C4)CN5C=C(N=N5)C6=CC=CN7C6=CN=C7,Active,0.00653,8.185086818724926,active
68,156442365,C1CC(C1)CNCC2=CC3=C(N2)C=C(C=C3)CN4C=C(N=N4)C5=C(N=CC(=C5)F)C#N,Active,0.259,6.586700235918748,active
69,156442158,C1CC(C1)CNCC2=CC3=C(N2)C=C(C=C3)CN4C=C(N=N4)C5=C(N=CC(=C5)Cl)C#N,Active,0.071,7.1487416512809245,active
70,156461637,C1CCC(C1)NCC2=CC3=C(N2)C=C(C=C3)CN4C=C(N=N4)C5=C6C=NNC6=CC=C5,Active,0.0061,8.214670164989233,active
71,156461639,C1C[C@@H]([C@@H](C1)O)NCC2=CC3=C(N2)C=C(C=C3)CN4C=C(N=N4)C5=C6C=NNC6=CC=C5,Active,0.00783,8.106238237942057,active
72,156461687,C1CC(C1)CNCC2=CC3=C(N2)C=C(C=C3)CN4C=C(N=N4)C5=CC=CC6=C5NN=C6,Active,0.0106,7.97469413473523,active
73,166636540,C1C(CC1(F)F)CNCC2=CC3=C(N2)C=C(C=C3)CC4=CN(N=N4)C5=CC=CN6C5=CN=C6,Active,0.0193,7.714442690992226,active
74,156461638,C1CC1CNCC2=CC3=C(N2)C=C(C=C3)CN4C=C(N=N4)C5=C6C=NNC6=CC=C5,Active,0.0116,7.935542010773082,active
75,163239071,C1CC(C1)CNCC2=CN3C=C(N=C3C=C2)CN4C=C(N=N4)C5=CC(=CN6C5=CN=C6)Cl,Active,0.0061,8.214670164989233,active
76,156442361,C1CC(C1)CNCC2=CC3=C(N2)C=C(C=C3)CC4=CN(N=N4)C5=CC=CN6C5=CN=C6,Active,0.0193,7.714442690992226,active
77,156442381,C1CC(C1)CNCC2=CC3=C(N2)C=C(C=C3)CC4=CN(N=N4)C5=CN=CC6=CC=CC=C65,Active,0.495,6.305394801066432,active
78,156304042,CCC1=CC(=C2C=CC(=CC2=N1)OCC3=CC(=CN=C3)N4C=C(C5=C(N=CN=C54)N)C6=NN(C=C6)C)N(C)C,Active,0.01,8.0,active
79,156304053,CN1C=CC(=N1)C2=CN(C3=NC=NC(=C23)N)C4=CN=CC(=C4)COC5=CC(=C(C=C5)CN6CCC(CC6)CO)N,Active,0.1,7.0,active
80,156304016,CCC1=CC(=C2C=CC(=CC2=N1)OCC3=CC(=CN=C3)N4C=C(C5=C(N=CN=C54)N)C6=NN(C=C6)C)N(C)CC7CC7,Active,0.01,8.0,active
81,156304012,CCC1=CC(=C2C(=N1)C=C(C=N2)OCC3=CC(=CN=C3)N4C=C(C5=C(N=CN=C54)N)C6=NN(C=C6)C)NCCOC,Active,0.01,8.0,active
82,156304015,CCC1=CC(=C2C=CC(=CC2=N1)OCC3=CC(=CN=C3)N4C=C(C5=C(N=CN=C54)N)C6=NN(C=C6)C)N7CCNCC7,Active,0.01,8.0,active
83,156304136,CCC1=CC(=C2C=CC(=CC2=N1)OCC3=CC(=CN=C3)N4C=CC5=C(N=CN=C54)N)N6CCN(CC6)C,Active,0.01,8.0,active
84,156304097,CN1C=CC(=N1)C2=CN(C3=NC=NC(=C23)N)C4=CN=CC(=C4)CCC5=CC6=C(C=C5)C=CC(=N6)N7CCC7,Active,0.01,8.0,active
85,156304156,CN1C=CC(=N1)C2=CN(C3=NC=NC(=C23)N)C4=CN=CC(=C4)COC5=CC(=C(C=C5)CN6CCOCC6)N,Active,0.1,7.0,active
86,156304059,CN1C=CC(=N1)C2=CN(C3=NC=NC(=C23)N)C4=CN=CC(=C4)COC5=CC(=C(C=C5)C(=O)N(C)CCOC)N,Unspecified,1.0,6.0,active
87,156304151,CN1C=CC(=N1)C2=CN(C3=NC=NC(=C23)N)C4=CN=CC(=C4)COC5=CC6=C(C=C5)C=CC(=N6)N7CCOCC7=O,Unspecified,1.0,6.0,active
88,156304166,CN1C=CC(=N1)C2=CN(C3=NC=NC(=C23)N)C4=CN=CC(=C4)COC5=CC(=C(C=C5)C(=O)N6CCNCC6)N,Active,0.1,7.0,active
89,156303940,CN1C=CC(=N1)C2=CN(C3=NC=NC(=C23)N)C4=CN=CC(=C4)CS(=O)C5=CC6=C(C=C5)C=CC(=N6)N7CCC7,Unspecified,1.0,6.0,active
90,156304119,CC1COC2=C(N1)C=C(C=C2)OCC3=CC(=CN=C3)N4C=C(C5=C(N=CN=C54)N)C6=NN(C=C6)C,Unspecified,1.0,6.0,active
91,156304037,CN1C=CC(=N1)C2=CN(C3=NC=NC(=C23)N)C4=CN=CC(=C4)COC5=CC6=C(C=C5)C=CC(=N6)N(C)CCS(=O)(=O)C,Active,0.1,7.0,active
92,156304112,CCC1=CC(=C2C=CC(=CC2=N1)OCC3=CC(=CN=C3)N4C=C(C5=C(N=CN=C54)N)C6=NN(C=C6)C)NCCCN(C)C,Active,0.01,8.0,active
93,156304157,CN1C=CC(=N1)C2=CN(C3=NC=NC(=C23)N)C4=CN=CC(=C4)COC5=CC(=C(C=C5)C6=NC=CO6)N,Unspecified,1.0,6.0,active
94,156304135,CCNC1=NC2=C(C=CC(=C2)CCC3=CC(=CN=C3)N4C=C(C5=C(N=CN=C54)N)C6=NN(C=C6)C)C=C1,Active,0.01,8.0,active
95,156731597,CCC1=CC(=C2C(=CC(=CC2=N1)OCC3=CC(=CN=C3)N4C=C(C5=C(N=CN=C54)N)C6=NN(C=C6)C)F)NCCOC,Active,0.01,8.0,active
96,156304030,CCC1=CC(=C2C(=N1)C=C(C=N2)CCC3=CC(=CN=C3)N4C=C(C5=C(N=CN=C54)N)C6=NN(C=C6)C)NCCOC,Active,0.01,8.0,active
97,156731600,CCC1=CC(=C2C(=CC(=CC2=N1)CCC3=CC(=CN=C3)N4C=C(C5=C(N=CN=C54)N)C6=NN(C=C6)C)F)NCCOC,Active,0.01,8.0,active
98,156303987,CCC1=CC(=C2C=CC(=CC2=N1)OCC3=CC(=CN=C3)N4C=CC5=C(N=CN=C54)N)NCCN(C)C,Active,0.01,8.0,active
99,156731613,CCC1=CC(=C2C(=CC(=CC2=N1)OCC3=CC(=CN=C3)N4C=C(C5=C(N=CN=C54)N)C6=NN(C=C6)C)F)NCCN(C)C,Active,0.01,8.0,active
100,156304044,CN1C=CC(=N1)C2=CN(C3=NC=NC(=C23)N)C4=CN=CC(=C4)COC5=CC(=C(C=C5)C(=O)NC6CCOCC6)N,Active,0.1,7.0,active
101,156304167,CN1C=CC(=N1)C2=CN(C3=NC=NC(=C23)N)C4=CN=CC(=C4)COC5=CC(=C(C=C5)C(=O)N(C)C)N,Unspecified,1.0,6.0,active
102,156304163,CN1C=CC(=N1)C2=CN(C3=NC=NC(=C23)N)C4=CN=CC(=C4)COC5=CC(=C(C=C5)C(=O)N(C)CCO)N,Unspecified,1.0,6.0,active
103,156304096,CCC1=CC(=C2C=CC(=CC2=N1)OCC3=CC(=CN=C3)N4C=C(C5=C(N=CN=C54)N)C6=NN(C=C6)CCOC)NC,Active,0.01,8.0,active
104,156304094,CCC1=CC(=C2C=CC(=CC2=N1)CCC3=CC(=CN=C3)N4C=C(C5=C(N=CN=C54)N)C6=NN(C=C6)C)N(C)CCN(C)C,Active,0.01,8.0,active
105,156304018,CCC1=CC(=C2C=CC(=CC2=N1)CCC3=CC(=CN=C3)N4C=C(C5=C(N=CN=C54)N)C6=NN(C=C6)C)NC,Active,0.01,8.0,active
106,156304165,CN1C=CC(=N1)C2=CN(C3=NC=NC(=C23)N)C4=CN=CC(=C4)COC5=CC(=C(C=C5)C(=O)N6CCOCC6)N,Unspecified,1.0,6.0,active
107,156304021,CCC1=CC(=C2C=CC(=CC2=N1)OCC3=CC(=CN=C3)N4C=C(C5=C(N=CN=C54)N)C6=NN(C=C6)C)N(C)C7CC7,Active,0.01,8.0,active
108,156304141,CCC1=CC(=C2C=CC(=CC2=N1)OCC3=CC(=CN=C3)N4C=CC5=C(N=CN=C54)N)N6CCCC6,Active,0.01,8.0,active
109,156304173,CN1C=CC(=N1)C2=CN(C3=NC=NC(=C23)N)C4=CN=CC(=C4)COC5=CC(=C(C=C5)C(=O)N6CCC(CC6)(F)F)N,Unspecified,1.0,6.0,active
110,156303994,CCC1=CC(=C2C=CC(=CC2=N1)OCC3=CC(=CN=C3)N4C=CC5=C(N=CN=C54)N)N6CCC(CC6)(F)F,Active,0.01,8.0,active
111,156304084,CN1C=CC(=N1)C2=CN(C3=NC=NC(=C23)N)C4=CN=CC(=C4)COC5=CC(=C(C=C5)C(=O)N(C)CC6CC6)N,Unspecified,1.0,6.0,active
112,156304137,CCC1=CC(=C2C=CC(=CC2=N1)OCC3=CC(=CN=C3)N4C=CC5=C(N=CN=C54)N)N6CCOCC6,Active,0.01,8.0,active
113,156304088,CN1C=CC(=N1)C2=CN(C3=NC=NC(=C23)N)C4=CN=CC(=C4)CCC5=CC6=C(C=C5)C=CC(=N6)N,Active,0.01,8.0,active
114,156326998,CCC1=CC(=C2C=CC(=CC2=N1)OC[C@@H]3[C@H]([C@@H]([C@@H](O3)N4C=C(C5=C(N=CN=C54)N)C6=NN(C=C6)C)F)O)N(C)CC7CC7,Active,0.01,8.0,active
115,166628254,CCC1=CC(=C2C=CC(=CC2=N1)OC[C@@H]3[C@H](C[C@@H](O3)N4C=C(C5=C(N=CN=C54)N)C6=NN(C=C6)C)O)N(C)CC7CC7,Active,0.01,8.0,active
116,156304134,CN1C=CC(=N1)C2=CN(C3=NC=NC(=C23)N)C4=CN=CC(=C4)CN(C)CC5CC5,Unspecified,1.0,6.0,active
117,156304065,CN1C=CC(=N1)C2=CN(C3=NC=NC(=C23)N)C4=CN=CC(=C4)COC5=CC6=C(C=CC(=N6)N7CCC7)C(=C5)F,Active,0.01,8.0,active
118,156304073,CCC1=CC(=C2C(=N1)C=C(C=N2)OCC3=CC(=CN=C3)N4C=C(C5=C(N=CN=C54)N)C6=NN(C=C6)C)N7CCOCC7,Active,0.01,8.0,active
119,156304091,CCC1=CC(=C2C=CC(=CC2=N1)CCC3=CC(=CN=C3)N4C=C(C5=C(N=CN=C54)N)C6=NN(C=C6)C)NCCOC,Active,0.01,8.0,active
120,156304081,CCC1=CC(=C2C(=CC(=CC2=N1)CCC3=CC(=CN=C3)N4C=C(C5=C(N=CN=C54)N)C6=NN(C=C6)C)F)NCCN(C)C,Active,0.01,8.0,active
121,156304023,CN1C=CC(=N1)C2=CN(C3=NC=NC(=C23)N)C4=CN=CC(=C4)CCC5=CC6=NC(=C(C=C6C=C5)Br)N,Unspecified,1.0,6.0,active
122,156303996,CCC1=CC(=C2C=CC(=CC2=N1)CCC3=CC(=CN=C3)N4C=C(C5=C(N=CN=C54)N)C6=NN(C=C6)C)N(C)CCOC,Active,0.01,8.0,active
123,156304035,CCCC1=CC(=C2C=CC(=CC2=N1)CCC3=CC(=CN=C3)N4C=C(C5=C(N=CN=C54)N)C6=NN(C=C6)C)N,Active,0.01,8.0,active
124,156303986,CCC1=CC(=C2C=CC(=CC2=N1)OCC3=CC(=CN=C3)N4C=CC5=C(N=CN=C54)N)NCCOC,Active,0.01,8.0,active
125,166039041,CCC1=CC(=C2C=CC(=CC2=N1)OCC3=CC(=CN=C3)N4C=CC5=C(N=CN=C54)N)N,Active,0.01,8.0,active
126,166039049,CC1=CC(=C2C=CC(=CC2=N1)OCC3=CC(=CN=C3)N4C=C(C5=C(N=CN=C54)N)Cl)NCCN(C)C,Active,0.01,8.0,active
127,166635850,CCC1=CC(=C2C=CC(=CC2=N1)OCC3=CC(=CN=C3)N4C=CC5=C(N=CN=C54)N)N(C)C.C(=O)(C(F)(F)F)O,Active,0.01,8.0,active
128,156304138,CN1C=CC(=N1)C2=CN(C3=NC=NC(=C23)N)C4=CN=CC(=C4)COC(=O)NC5=NC(=CC=C5)Br,Unspecified,1.0,6.0,active
129,163239344,C1[C@@H]([C@H]([C@H]([C@@H]1N2C=C(C3=C(N=CN=C32)N)Br)O)O)C4=CC=CC(=C4)CNCC56CC(C5)(C6)F,Active,3.01,5.521433504406157,active
130,163239244,C1[C@@H]([C@H]([C@H]([C@@H]1N2C=C(C3=C(N=CN=C32)N)Br)O)O)C4=CC5=C(C=C4)NC(=C5)CNCC67CC(C6)(C7)F,Active,0.00824,8.084072788302885,active
131,163239293,C1CC(C1)CNCC2=CC=C(C=C2)[C@H]3C[C@H]([C@@H]([C@@H]3O)O)N4C=C(C5=C(N=CN=C54)N)Br,Active,0.15,6.823908740944319,active
132,163239289,C1CC2(C1)CCN(C2)CC3=CC=C(C=C3)[C@H]4C[C@H]([C@@H]([C@@H]4O)O)N5C=C(C6=C(N=CN=C65)N)Br,Active,0.0637,7.195860567664649,active
133,171665616,C1[C@@H]([C@H]([C@H]([C@@H]1N2C=CC3=C(N=CN=C32)N)O)O)C4=CC5=C(C=C4)C=C(N5)CNCC67CC(C6)(C7)F,Active,0.006,8.221848749616356,active
134,163239333,C1[C@@H]([C@H]([C@H]([C@@H]1N2C=C(C3=C(N=CN=C32)N)F)O)O)C4=CC5=C(C=C4)C=C(N5)CNCC67CC(C6)(C7)F,Active,0.0061,8.214670164989233,active
135,163239308,C1[C@@H]([C@H]([C@H]([C@@H]1N2C=C(C3=C(N=CN=C32)N)Cl)O)O)C4=CC5=C(C=C4)C=C(N5)CNCC67CC(C6)(C7)F,Active,0.0061,8.214670164989233,active
136,163239352,C1CC2(C1)CCN(C2)CC3=CC(=CC=C3)[C@H]4C[C@H]([C@@H]([C@@H]4O)O)N5C=C(C6=C(N=CN=C65)N)Br,Active,2.64,5.578396073130169,active
137,163239283,C1[C@@H]([C@H]([C@H]([C@@H]1N2C=C(C3=C(N=CN=C32)N)Br)O)O)C4=CC(=CC=C4)C(=O)NCC56CC(C5)(C6)F,Active,7.93,5.100726812682396,active
138,156304052,CCC1=CC(=NC2=C1C(=CC(=C2)OCC3=CC(=CN=C3)N4C=C(C5=C(N=CN=C54)N)C6CCCO6)F)N7CCC7,Unspecified,1.0,6.0,active
139,156304038,CCC1=CC(=C2C(=CC(=CC2=N1)OCC3=CN=CC(=N3)N4C=C(C5=C(N=CN=C54)N)C6CCCO6)F)NCCOC,Unspecified,1.0,6.0,active
140,156304064,CCC1=CC(=C2C(=N1)C=C(C=N2)OCC3=CC(=CN=C3)N4C=C(C5=C(N=CN=C54)N)[C@H]6CCCO6)NCCOC,Active,0.01,8.0,active
141,156304124,C1C[C@H](OC1)C2=CN(C3=NC=NC(=C23)N)C4=CN=CC(=C4)COC5=CC(=C(C=C5)C(=O)N6CCNCC6)N,Active,0.1,7.0,active
142,156304144,CCC1=CC(=C2C(=CC(=CC2=N1)OCC3=CC(=CN=C3)N4C=C(C5=C(N=CN=C54)N)[C@@H]6CCCO6)F)NCCOC,Active,0.01,8.0,active
143,156304070,CCC1=CC(=C2C(=N1)C=C(C=N2)OCC3=CC(=CN=C3)N4C=C(C5=C(N=CN=C54)N)[C@@H]6CCCO6)NCCOC,Active,0.01,8.0,active
144,156304054,CCC1=CC(=NC2=C1C(=CC(=C2)F)OCC3=CC(=CN=C3)N4C=C(C5=C(N=CN=C54)N)C6CCCO6)N7CCC7,Unspecified,1.0,6.0,active
145,156304148,CCC1=CC(=C2C(=CC(=CC2=N1)OCC3=CC(=CN=C3)N4C=C(C5=C(N=CN=C54)N)[C@H]6CCCO6)F)NCCOC,Active,0.01,8.0,active
146,166631910,CCC1=CC(=C2C(=CC(=CC2=N1)OCC3=CC(=CN=C3)N4C=C(C5=C(N=CN=C54)N)COC)F)NCCOC,Active,0.01,8.0,active
147,171400803,CC1=C2C(=CN(C2=NC=N1)[C@@H]3C[C@@H]([C@H]([C@H]3O)O)C4=CC=C(C=C4)CN5CCC(CC5)(C)C)Br,Active,0.103,6.987162775294828,active
148,156304025,CN1C=CC(=N1)C2=CN(C3=NC=NC(=C23)N)C4=CN=CC(=C4)CSC5=CC6=C(C=C5)C=CC(=N6)N7CCC7,Active,0.01,8.0,active
149,156296268,CN1C=CC(=N1)C2=CN(C3=NC=NC(=C23)N)C4=CN=CC(=C4)CS(=O)(=O)C5=CC6=C(C=C5)C=CC(=N6)N7CCC7,Unspecified,1.0,6.0,active
150,156304129,CN1C=CC(=N1)C2=CN(C3=NC=NC(=C23)N)C4=CN=CC(=C4)CNC(=O)CC5=NC(=CC=C5)N6CCC6,Unspecified,1.0,6.0,active
151,156296258,CN1C=CC(=N1)C2=CN(C3=NC=NC(=C23)N)C4=CN=CC(=C4)CNC(=O)NC5=NC(=CC=C5)N6CCC6,Unspecified,1.0,6.0,active
152,156303961,C1CC(OC1)C2=CN(C3=NC=NC(=C23)N)C4=CN=CC(=C4)CCC5=CC6=C(C=C5)C=CC(=N6)N7CCC7,Active,0.01,8.0,active
153,156304130,CN1C=CC(=N1)C2=CN(C3=NC=NC(=C23)N)C4=CN=CC(=C4)COC(=O)NC5=NC(=CC=C5)N6CCC6,Unspecified,1.0,6.0,active
154,156304083,CN1C=CC(=N1)C2=CN(C3=NC=NC(=C23)N)C4=CN=CC(=C4)COC5=C(C=CC(=C5)F)C(=O)NC6CCOCC6,Unspecified,1.0,6.0,active
155,156596350,CC1(CCN(CC1)CC2=CC=C(C=C2)N3CC(=O)NC4(C3)CCN(CC4)C5=NC=NC(=C5)NCC6=CC=CC=C6)C,Active,0.026,7.585026652029182,active
156,156587341,CC1(CCN(CC1)CC2=NC=C(C=C2)N3CC(=O)NC4(C3)CCN(CC4)C5=NC=NC(=C5)NCC6=CC=CC=C6)C,Active,0.037,7.431798275933005,active
157,166132574,CC1(CCN(CC1)CC2=NC=C(C=C2)C(=O)NC3CCN(CC3)C4=NC=NC(=C4)NCC5=CC=CC=C5)C,Active,3.6,5.443697499232713,active
158,156587339,CC1(CCN(CC1)CC2=NC=C(C=C2)NCC3(CCN(CC3)C4=NC=NC(=C4)NCC5=CC=CC=C5)O)C,Active,0.79,6.102372908709559,active
159,166630951,CC1(CCN(CC1)CC2=CC=C(C=C2)N3CC(=O)NC4(C3)CCN(CC4)C5=C6C=CNC6=NC=C5)C,Active,4.5,5.346787486224656,active
160,154815692,CC1(CCN(CC1)CC2=CC(=C(C=C2)C(=O)NC[C@@]3(CCCN(C3)C4=NC=NC(=C4)NCC5=CC=CC=C5)O)O)C,Active,0.28,6.552841968657781,active
161,156596352,CC1(CCN(CC1)CC2=CC=C(C=C2)N3CC4(CCN(CC4)C5=NC=NC(=C5)NC)NC3=O)C,Active,1.8,5.744727494896694,active
162,166627134,CC1(CCN(CC1)CC2=CC=C(C=C2)N3CC(=O)NC4(C3)CCN(CC4)C5=CC(=NC=N5)N(C)C)C,Active,0.97,6.013228265733755,active
163,156587345,CC1(CCN(CC1)CC2=C(C=C(C=C2)N3CC(=O)NC4(C3)CCN(CC4)C5=NC=NC(=C5)NC)F)C,Active,0.032,7.494850021680094,active
164,156596355,CC1(CCN(CC1)CC2=CC=C(C=C2)N3CC(=O)N(C4(C3)CCN(CC4)C5=NC=NC(=C5)NC)C)C,Active,1.5,5.823908740944319,active
165,156596353,CC(C)NC1=CC(=NC=N1)N2CCC3(CC2)CN(CC(=O)N3)C4=CC=C(C=C4)CN5CCC(CC5)(C)C,Active,0.33,6.481486060122113,active
166,156587344,CC1(CCN(CC1)CC2=CC(=C(C=C2)N3CC(=O)NC4(C3)CCN(CC4)C5=NC=NC(=C5)NC)F)C,Active,0.038,7.42021640338319,active
167,156596356,CC1(CCN(CC1)CC2=CC=C(C=C2)N3CC(=O)NC4(C3)CCN(CC4)C5=NC(=NC6=C5C=CN6)Cl)C,Active,0.024,7.619788758288394,active
168,156596354,CC1(CCN(CC1)CC2=CC=C(C=C2)N3CC(=O)NC4(C3)CCN(CC4)C5=NC=NC6=C5C=CN6)C,Active,0.061,7.214670164989233,active
169,156596351,CC1(CCN(CC1)CC2=CC=C(C=C2)N3CC(=O)NC4(C3)CCN(CC4)C5=NC=NC(=C5)NC)C,Active,0.089,7.050609993355088,active
170,166132582,CC1(CCN(CC1)CC2=CC=C(C=C2)N3CC(=O)NC4(C3)CN(C4)C5=NC=NC(=C5)NC)C,Active,0.44,6.356547323513813,active
171,156587340,CC1(CCN(CC1)CC2=NC=C(C=C2)N3CCOC4(C3)CCN(CC4)C5=NC=NC(=C5)NCC6=CC=CC=C6)C,Active,0.28,6.552841968657781,active
172,166132594,CC1(CCN(CC1)CC2=CC=C(C=C2)N3CC(=O)NC4(C3)CCN(CC4)C5=NC=NC(=C5)NC6CC6)C,Active,0.084,7.075720713938118,active
173,156304062,C1CN(C1)C2=NC3=C(C=CC(=C3)OCC4=CC(=CN=C4)C5=CNC6=C5N=CN=C6N)C=C2,Active,0.01,8.0,active
174,166039017,CNC1=NC2=C(C=CC(=C2)OCC3=CC(=CC=C3)C4=CNC5=C4N=CN=C5N)C=C1,Active,0.01,8.0,active
175,166039008,CNC1=NC2=C(C=CC(=C2)OCC3=CC(=CC(=C3)CO)C4=CNC5=C4N=CN=C5N)C=C1,Active,0.01,8.0,active
176,166039025,CCC1=CC(=C2C=CC(=CC2=N1)OCC3=CC(=CN=C3)C4=CNC5=C4N=CN=C5N)NCCOC,Active,0.01,8.0,active
177,156296234,CNC1=NC2=C(C=CC(=C2)OCC3=CC(=CN=C3)C4=CNC5=C4N=CN=C5N)C=C1,Active,0.01,8.0,active
178,156304139,CC(C)C1=NC2=C(C=CC(=C2)OCC3=CC(=CN=C3)C4=CNC5=C4N=CN=C5N)C(=C1)N,Active,0.01,8.0,active
179,163239186,C1C(CC1(F)F)CNCC2=CN3C=C(N=C3C=C2)CNC(=O)C4=CN=C5C(=C4)C=CN5,Active,0.0273,7.563837352959244,active
180,163239044,C1CC(C1)CNCC2=CN3C=C(N=C3C=C2)CN4C=C(N=C4)C5=CN=C6C(=C5)C=CN6,Active,0.00934,8.029653123769906,active
181,156296131,CNC1=NC2=C(C=CC(=C2)OC[C@@H]3[C@H]([C@@H]([C@@H](O3)N4C=C(C5=C(N=CN=C54)N)Cl)F)O)C=C1,Active,0.01,8.0,active
182,166629977,CNC1=NC2=C(C=CC(=C2)OC[C@@H]3[C@H]([C@@H]([C@@H](O3)N4C=C(C5=C(N=CN=C54)N)C6=CCNC6)F)O)C=C1,Active,0.01,8.0,active
183,156327795,CNC1=NC2=C(C=CC(=C2)OC[C@@H]3[C@H]([C@H]([C@@H](O3)N4C=C(C5=C(N=CN=C54)N)C6=NN(C=C6)C)O)O)C=C1,Active,1.0,6.0,active
184,164570055,CCC1=CC(=C2C=CC(=CC2=N1)OC[C@@H]3[C@H]([C@@H]([C@@H](O3)N4C=C(C5=C(N=CN=C54)N)C6=NN(C=C6)C)F)O)N,Active,0.01,8.0,active
185,156327087,CCN1C=CC(=N1)C2=CN(C3=NC=NC(=C23)N)[C@H]4[C@H]([C@@H]([C@H](O4)COC5=CC6=C(C=C5)C=CC(=N6)NC)O)F,Active,0.01,8.0,active
186,156326985,CN1C=CC(=N1)C2=CN(C3=NC=NC(=C23)N)[C@H]4[C@H]([C@@H]([C@H](O4)COC5=CC6=C(C=C5)C=CC(=N6)N(C)CCO)O)F,Active,0.01,8.0,active
187,156326955,CC1=CC(=NN1C)C2=CN(C3=NC=NC(=C23)N)[C@H]4[C@H]([C@@H]([C@H](O4)COC5=CC6=C(C=C5)C=CC(=N6)NC)O)F,Active,0.01,8.0,active
188,156327027,CNC1=NC2=C(C=CC(=C2)OC[C@@H]3[C@H]([C@@H]([C@@H](O3)N4C=C(C5=C(N=CN=C54)N)C6CCN(C6)C)F)O)C=C1,Active,0.01,8.0,active
189,156327033,C1CN(C1)C2=NC3=C(C=CC(=C3)OC[C@@H]4[C@H]([C@@H]([C@@H](O4)N5C=C(C6=C(N=CN=C65)N)N7C=CC=N7)F)O)C=C2,Active,1.0,6.0,active
190,156730085,CC1=NN(C=C1)C2=CN(C3=NC=NC(=C23)N)[C@H]4[C@H]([C@@H]([C@H](O4)COC5=CC6=C(C=C5)C=CC(=N6)N7CC(C7)N)O)F,Active,0.01,8.0,active
191,166632702,C1C(CC1NC2=NC=C3C=CC(=CC3=N2)OC[C@@H]4[C@H]([C@@H]([C@@H](O4)N5C=CC6=C(N=CN=C65)N)F)O)N,Active,0.1,7.0,active
192,166625996,CNC1=NC2=C(S1)C=CC(=C2)OC[C@@H]3[C@H]([C@@H]([C@@H](O3)N4C=C(C5=C(N=CN=C54)N)C6=NN(C=C6)C)F)O,Active,0.1,7.0,active
193,156327011,CNC1=NC2=C(C=CC(=C2)OC[C@@H]3[C@H]([C@@H]([C@@H](O3)N4C=C(C5=C(N=CN=C54)N)C6=CN=CC=C6)F)O)C=C1,Active,0.01,8.0,active
194,156326961,CNC1=NC2=C(C=C1)SC(=C2)CC[C@@H]3[C@H]([C@@H]([C@@H](O3)N4C=C(C5=C(N=CN=C54)N)C6=NN(C=C6)C)F)O,Active,0.01,8.0,active
195,166626134,CN1C=CC(=N1)C2=CN(C3=NC=NC(=C23)N)[C@H]4[C@H]([C@@H]([C@H](O4)COC5=CC6=NC(=NC=C6C=C5)NC7C8CC7C8)O)F,Active,0.01,8.0,active
196,156326965,CN1C=CC(=N1)C2=CN(C3=NC=NC(=C23)N)[C@H]4[C@H]([C@@H]([C@H](O4)COC5=CC6=C(C=C5)C=CC(=N6)N7CC(C7)O)O)F,Active,0.01,8.0,active
197,166629369,CN1C=CC(=N1)C2=CN(C3=NC=NC(=C23)N)[C@H]4[C@H]([C@@H]([C@H](O4)COC5=CC6=NC(=NC=C6C=C5)C(=O)N7CCC7)O)F,Unspecified,1.0,6.0,active
198,166632426,C1=CC2=C(C=C1OC[C@@H]3[C@H]([C@@H]([C@@H](O3)N4C=C(C5=C(N=CN=C54)N)Br)F)O)NC(=N2)N,Active,0.1,7.0,active
199,156327103,CNC1=NC2=C(C=CC(=C2)OC[C@H]3C[C@H](C[C@@H]3O)N4C=C(C5=C(N=CN=C54)N)C6CCCC6)C=C1,Active,0.01,8.0,active
200,156303968,CNC1=NC2=C(C=CC(=C2)OCC3=NN=C(S3)N4C=C(C5=C(N=CN=C54)N)Cl)C=C1,Unspecified,1.0,6.0,active
201,156327073,CNC1=NC2=C(C=CC(=C2)OC[C@@H]3[C@H]([C@@H]([C@@H](O3)N4C=C(C5=C(N=CN=C54)N)CC6CC6)F)O)C=C1,Active,0.01,8.0,active
202,166636129,CNC1=NC2=C(C=CC(=C2)OC[C@@H]3[C@H]([C@H]([C@@H](O3)N4C=C(C5=C(N=CN=C54)N)C(C6CC6)O)O)O)C=C1,Active,0.01,8.0,active
203,166631878,C1CCN(C1)C2=NC3=C(C=CC(=C3)OC[C@@H]4[C@H]([C@H]([C@@H](O4)N5C=C(C6=C(N=CN=C65)N)Br)O)O)C=C2,Active,0.01,8.0,active
204,156327010,CNC1=NC2=C(C=CC(=C2)CC[C@@H]3[C@H]([C@H]([C@@H](O3)N4C=C(C5=C(N=CN=C54)N)C6CCCC6)O)O)C=C1,Active,0.01,8.0,active
205,156326989,CNC1=NC2=C(C=CC(=C2)OC[C@@H]3[C@H]([C@@H]([C@@H](O3)N4C=C(C5=C(N=CN=C54)N)C6=CC=CC=N6)F)O)C=C1,Active,0.01,8.0,active
206,156327129,CC1=CN=C(C=C1)C2=CN(C3=NC=NC(=C23)N)[C@H]4[C@H]([C@@H]([C@H](O4)COC5=CC6=C(C=C5)C=CC(=N6)NC)O)F,Active,0.01,8.0,active
207,166632588,CNC1=NC2=C(C=CC(=C2)OC[C@@H]3[C@H]([C@@H]([C@@H](O3)N4C=C(C5=C(N=CN=C54)N)C6=CC=NN6C)F)O)C=C1,Active,0.01,8.0,active
208,156327050,CNC1=NC2=C(C=CC(=C2)OC[C@@H]3[C@H]([C@@H]([C@@H](O3)N4C=C(C5=C(N=CN=C54)N)C6=CC=NN6)F)O)C=C1,Active,0.01,8.0,active
209,166626520,CNC1=NC2=C(C=CC(=C2)OC[C@@H]3[C@H]([C@H]([C@@H](O3)N4C=NC5=C(N=CN=C54)N)O)O)C=C1,Active,0.01,8.0,active
210,156327794,CCNC1=NC2=C(C=CC(=C2)OC[C@@H]3[C@H]([C@H]([C@@H](O3)N4C=C(C5=C(N=CN=C54)N)C6CCCC6)O)O)C=C1,Active,1.0,6.0,active
211,156327128,CNC1=NC2=C(C=CC(=C2)OC[C@@H]3C[C@H]([C@@H](O3)N4C=C(C5=C(N=CN=C54)N)C6CCCC6)O)C=C1,Active,0.1,7.0,active
212,166632188,CCNC1=NC2=C(C=CC(=C2)OC[C@@H]3[C@H]([C@@H]([C@@H](O3)N4C=C(C5=C(N=CN=C54)N)C6=CN(C=N6)C)F)O)C=C1,Active,0.01,8.0,active
213,166635480,CC1(COC(=N1)C2=CN(C3=NC=NC(=C23)N)[C@H]4[C@H]([C@@H]([C@H](O4)COC5=CC6=C(C=C5)C=CC(=N6)N7CCC7)O)F)C,Active,0.01,8.0,active
214,166625726,CN(C)C(=O)C1=CN(C2=NC=NC(=C12)N)[C@H]3[C@H]([C@@H]([C@H](O3)COC4=CC5=C(C=C4)C=CC(=N5)N6CCC6)O)F,Active,0.01,8.0,active
215,156326986,C1CN(C1)C2=NC3=C(C=CC(=C3)OC[C@@H]4[C@H]([C@@H]([C@@H](O4)N5C=C(C6=C(N=CN=C65)N)CO)F)O)C=C2,Active,0.01,8.0,active
216,156327040,C1C(CN1C2=NC3=C(C=CC(=C3)OC[C@@H]4[C@H]([C@@H]([C@@H](O4)N5C=CC6=C(N=CN=C65)N)F)O)C=C2)N,Active,0.01,8.0,active
217,156326964,CCC1=NC2=C(N1)C=C(C=C2)OC[C@@H]3[C@H]([C@@H]([C@@H](O3)N4C=C(C5=C(N=CN=C54)N)C6=NN(C=C6)C)F)O,Active,0.1,7.0,active
218,166632950,CNC1=NC2=C(C=CC(=C2)OCC3=NC=C(S3)N4C=C(C5=C(N=CN=C54)N)Cl)C=C1.C(=O)(C(F)(F)F)O,Unspecified,1.0,6.0,active
219,156327034,CC1=COC(=N1)C2=CN(C3=NC=NC(=C23)N)[C@H]4[C@H]([C@@H]([C@H](O4)COC5=CC6=C(C=C5)C=CC(=N6)N7CCC7)O)F,Active,1.0,6.0,active
220,156304131,CNC1=NC2=C(C=CC(=C2)OCC3=CC(=CC(=C3)F)N4C=C(C5=C(N=CN=C54)N)Cl)C=C1,Active,0.01,8.0,active
221,166039020,CNC1=NC2=C(C=CC(=C2)OCC3=C(C=CC(=C3)N4C=C(C5=C(N=CN=C54)N)Cl)F)C=C1,Active,0.01,8.0,active
222,156326991,CNC1=NC2=C(C=CC(=C2)OC[C@@H]3[C@H]([C@@H]([C@@H](O3)N4C=C(C5=C(N=CN=C54)N)C6=CN(N=C6)C)F)O)C=C1,Active,0.01,8.0,active
223,166636006,CN(C)CC1=CC(=CC=C1)OC[C@@H]2[C@H]([C@@H]([C@@H](O2)N3C=C(C4=C(N=CN=C43)N)Br)F)O,Unspecified,1.0,6.0,active
224,156326944,C1CC(C1)NC2=NC3=C(C=CC(=C3)OC[C@@H]4[C@H]([C@@H]([C@@H](O4)N5C=CC6=C(N=CN=C65)N)F)O)C=C2,Active,0.01,8.0,active
225,156304078,CNC1=NC2=C(C=CC(=C2)OCC3=CN=CC(=N3)N4C=C(C5=C(N=CN=C54)N)Cl)C=C1,Active,0.01,8.0,active
226,166630023,CN1C=CC(=N1)C2=CN(C3=NC=NC(=C23)N)[C@H]4[C@H]([C@@H]([C@H](O4)COC5=CC6=NC(=NC=C6C=C5)N(C)C7CCC7)O)F,Active,0.01,8.0,active
227,156326995,CNC1=NC2=C(C=CC(=C2)OC[C@@H]3[C@H]([C@@H]([C@@H](O3)N4C=C(C5=C4C=CN=C5N)Br)F)O)C=C1,Active,0.1,7.0,active
228,156327154,CN1C=CC(=N1)C2=CN(C3=NC=NC(=C23)N)[C@H]4[C@H]([C@@H]([C@H](O4)COC5=CC6=C(C=C5)C=CC(=N6)NC7CNC7)O)F,Active,0.1,7.0,active
229,164570053,CCC1=NC2=C(O1)C=CC(=C2)OC[C@@H]3[C@H]([C@@H]([C@@H](O3)N4C=C(C5=C(N=CN=C54)N)C6=NN(C=C6)C)F)O,Unspecified,1.0,6.0,active
230,166631555,CNC1=NC2=C(C=CC(=C2)OC[C@@H]3[C@H]([C@@H]([C@@H](O3)N4C=C(C5=C(N=CN=C54)N)C6=CCN(CC6)C)F)O)C=C1,Active,0.01,8.0,active
231,156327135,CN1C=CC(=N1)C2=CN(C3=NC=NC(=C23)N)[C@H]4[C@H]([C@@H]([C@H](O4)COC5=CC6=C(C=C5)C=CC(=N6)C7CCC7)O)F,Active,0.01,8.0,active
232,166628364,CN1C=CN=C1C2=NC3=C(C=CC(=C3)OC[C@@H]4[C@H]([C@@H]([C@@H](O4)N5C=C(C6=C(N=CN=C65)N)Br)F)O)C=C2,Unspecified,1.0,6.0,active
233,156326963,CNC1=NC2=C(C=CC(=C2)OC[C@@H]3[C@H]([C@@H]([C@@H](O3)N4C=C(C5=C(N=CN=C54)N)C6=NC=CO6)F)O)C=C1,Active,0.01,8.0,active
234,166627439,C1CN(C1)C2=NC3=C(C=CC(=C3)OC[C@@H]4[C@H]([C@@H]([C@@H](O4)N5C=C(C6=C(N=CN=C65)N)C7=NC=CN=C7)F)O)C=C2,Active,0.01,8.0,active
235,156304014,CNC1=NC2=C(C=CC(=C2)OCC3=C(C=CC(=C3)N4C=C(C5=C(N=CN=C54)N)Cl)OC)C=C1,Unspecified,1.0,6.0,active
236,166039019,CNC1=NC2=C(C=CC(=C2)OCC3=CC(=CC(=C3)O)N4C=C(C5=C(N=CN=C54)N)Cl)C=C1,Active,0.01,8.0,active
237,156304079,CNC1=NC2=C(C=CC(=C2)OCC3=CC(=CC(=C3)N4C=C(C5=C(N=CN=C54)N)Cl)C(=O)N)C=C1,Active,0.1,7.0,active
238,156303990,CNC1=NC2=C(C=CC(=C2)OCC3=CC(=CC=C3)N4C=C(C5=C(N=CN=C54)N)Cl)C=C1,Active,0.01,8.0,active
239,156304024,CNC1=NC2=C(C=CC(=C2)OCC3=C(N=CC(=C3)N4C=C(C5=C(N=CN=C54)N)Cl)N)C=C1,Active,0.01,8.0,active
240,156304128,CNC1=NC2=C(C=CC(=C2)OCC3=CC(=CC(=C3)Br)N4C=C(C5=C(N=CN=C54)N)Cl)C=C1,Active,0.1,7.0,active
241,166039018,CNC1=NC2=C(C=CC(=C2)OCC3=C(N=CC(=C3)N4C=C(C5=C(N=CN=C54)N)Cl)NC)C=C1,Active,0.01,8.0,active
242,166039006,CNC1=NC2=C(C=CC(=C2)OCC3=CC(=CC(=C3)OC)N4C=C(C5=C(N=CN=C54)N)Cl)C=C1,Active,0.1,7.0,active
243,156303967,CNC1=NC2=C(C=CC(=C2)OCC3=CC(=CC(=C3)CO)N4C=C(C5=C(N=CN=C54)N)Cl)C=C1,Active,0.01,8.0,active
244,156303975,CNC1=NC2=C(C=CC(=C2)OCC3=CC(=NC=N3)N4C=C(C5=C(N=CN=C54)N)Cl)C=C1,Unspecified,1.0,6.0,active
245,156304011,CNC1=NC2=C(C=CC(=C2)OCC3=NC(=CC=C3)N4C=C(C5=C(N=CN=C54)N)Cl)C=C1,Active,0.01,8.0,active
246,166626015,CNC1=NC2=C(C=CC(=C2)OC[C@@H]3[C@H]([C@@H]([C@@H](O3)N4C=C(C5=C(N=CN=C54)N)C6CC6)F)O)C=C1,Active,0.01,8.0,active
247,166626031,CNC1=NC2=C(C=CC(=C2)OC[C@@H]3[C@H]([C@@H]([C@@H](O3)N4C=C(C5=C(N=CN=C54)N)[C@@H]6CCCO6)F)O)C=C1,Active,0.01,8.0,active
248,166626089,CNC1=NC2=C(C=CC(=C2)OC[C@@H]3[C@H]([C@H]([C@@H](O3)N4C=C(C5=C(N=CN=C54)N)C6=NN(C=C6)C7CCC7)O)O)C=C1,Active,0.01,8.0,active
249,156327158,CC1=NN(C=C1)C2=CN(C3=NC=NC(=C23)N)[C@H]4[C@H]([C@@H]([C@H](O4)COC5=CC6=C(C=C5)C=CC(=N6)N7CCC7)O)F,Active,0.01,8.0,active
250,166626353,CNC1=NC2=C(C=CC(=C2)OC[C@@H]3[C@H]([C@@H]([C@@H](O3)N4C=C(C5=C(N=CN=C54)N)F)F)O)C=C1,Active,0.01,8.0,active
251,166626424,CN1C=CC(=N1)C2=CN(C3=NC=NC(=C23)N)[C@H]4[C@H]([C@@H]([C@H](O4)COC5=CC6=NC(=NC=C6C=C5)NC7CC(C7)N)O)F,Active,0.01,8.0,active
252,156327130,CCC1=CC(=C2C=CC(=CC2=N1)OC[C@@H]3[C@H]([C@@H]([C@@H](O3)N4C=C(C5=C(N=CN=C54)N)C6=NN(C=C6)C)F)O)NC,Active,0.01,8.0,active
253,156326994,CC1=CN(C2=NC=NC(=C12)N)[C@H]3[C@H]([C@@H]([C@H](O3)COC4=CC5=C(C=C4)C=CC(=N5)NC)O)F,Active,0.01,8.0,active
254,166627194,C1C[C@@H](OC1)C2=CN(C3=NC=NC(=C23)N)[C@H]4[C@H]([C@@H]([C@H](O4)COC5=CC6=C(C=C5)C=CC(=N6)N7CCC7)O)F,Active,0.01,8.0,active
255,166627257,CC1=CN(C2=NC=NC(=C12)N)[C@H]3[C@@H]([C@@H]([C@H](O3)COC4=CC5=C(C=C4)C=CC(=N5)N)O)O,Unspecified,1.0,6.0,active
256,156327072,CNC1=NC2=C(C=CC(=C2)OC[C@@H]3[C@H]([C@@H]([C@@H](O3)N4C=C(C5=C(N=CN=C54)N)C6CCCC6)F)O)C=C1,Active,0.01,8.0,active
257,156326966,CNC1=NC2=C(C=CC(=C2)OC[C@@H]3[C@H]([C@@H]([C@@H](O3)N4C=C(C5=C(N=CN=C54)N)[C@H]6CCCO6)F)O)C=C1,Active,0.01,8.0,active
258,156327142,CN1C=CC(=N1)C2=CN(C3=NC=NC(=C23)N)[C@H]4[C@H]([C@@H]([C@H](O4)COC5=CC6=C(C=C5)C=CC(=N6)N7CC(C7)N)O)F,Active,0.01,8.0,active
259,156327125,CNC1=NC2=C(C=CC(=C2)OC[C@@H]3[C@H](C[C@@H](O3)N4C=C(C5=C(N=CN=C54)N)Br)O)C=C1,Active,0.01,8.0,active
260,166627952,C1=CC(=CC2=C1C=CC(=N2)N)OC[C@@H]3[C@H]([C@H]([C@H](O3)N4C=CC5=C(N=CN=C54)N)O)O,Unspecified,1.0,6.0,active
261,156327141,CN1C=CC(=N1)C2=CN(C3=NC=NC(=C23)N)[C@H]4[C@H]([C@@H]([C@H](O4)COC5=CC6=NC(=NC=C6C=C5)NC7CC7)O)F,Active,0.01,8.0,active
262,156326999,CNC1=NC2=C(C=CC(=C2)OC[C@@H]3[C@H]([C@@H]([C@@H](O3)N4C=C(C5=C(N=CN=C54)N)C(F)(F)F)F)O)C=C1,Active,0.01,8.0,active
263,156327156,C1CN(C1)C2=NC3=C(C=CC(=C3)OC[C@@H]4[C@H]([C@@H]([C@@H](O4)N5C=C(C6=C(N=CN=C65)N)C7=NC=CO7)F)O)C=C2,Active,0.01,8.0,active
264,166629202,CC1=CN(C2=NC=NC(=C12)N)[C@H]3[C@@H]([C@@H]([C@H](O3)COC4=CC5=C(C=C4)N=C(C=C5)NC)O)O,Active,0.01,8.0,active
265,156327095,CC(C)N1C=CC(=N1)C2=CN(C3=NC=NC(=C23)N)[C@H]4[C@H]([C@@H]([C@H](O4)COC5=CC6=C(C=C5)C=CC(=N6)NC)O)F,Active,0.01,8.0,active
266,166629410,CC1=CN(C2=NC=NC(=C12)N)[C@H]3[C@@H]([C@@H]([C@H](O3)COC4=CC5=C(C=C4)C=CC(=N5)NC)O)O,Unspecified,1.0,6.0,active
267,156327008,CNC1=NC2=C(N1)C=C(C=C2)OC[C@@H]3[C@H]([C@@H]([C@@H](O3)N4C=C(C5=C(N=CN=C54)N)C6=NN(C=C6)C)F)O,Active,0.01,8.0,active
268,156327090,CNC1=NC2=C(C=CC(=C2)OC[C@@H]3[C@H]([C@@H]([C@@H](O3)N4C=C(C5=C(N=CN=C54)N)C6CCN(CC6)C)F)O)C=C1,Active,0.01,8.0,active
269,156326957,CN1C=CC(=N1)C2=CN(C3=NC=NC(=C23)N)[C@H]4[C@H]([C@@H]([C@H](O4)COC5=CC6=C(C=C5)C=CC(=N6)N7CCC7)O)F,Active,0.01,8.0,active
270,166630753,CC1=CN(C2=NC=NC(=C12)N)[C@H]3[C@@H]([C@@H]([C@H](O3)COC4=CC5=C(C=C4)C=CC(=N5)NCC6CC6)O)O,Unspecified,1.0,6.0,active
271,166630927,CNC1=NC2=C(C=CC(=C2)OC[C@@H]3[C@H]([C@H]([C@@H](O3)N4C=C(C5=C(N=CN=C54)N)CC6CCCC6)O)O)C=C1,Active,0.01,8.0,active
272,156327097,CNC1=NC2=C(C=CC(=C2)OC[C@@H]3[C@H]([C@H]([C@@H](O3)N4C=C(C5=C(N=CN=C54)N)C6CCC(CC6)(F)F)O)O)C=C1,Active,0.01,8.0,active
273,166630986,CNC1=NC2=C(C=CC(=C2)OC[C@@H]3[C@H]([C@H]([C@@H](O3)N4C=C(C5=C(N=CN=C54)N)Cl)O)O)C=C1,Active,0.01,8.0,active
274,156327157,CN(CCOC)C(=O)C1=CN(C2=NC=NC(=C12)N)[C@H]3[C@H]([C@@H]([C@H](O3)COC4=CC5=C(C=C4)C=CC(=N5)N6CCC6)O)F,Active,0.01,8.0,active
275,156327051,CCNC1=NC2=C(C=CC(=C2)OC[C@@H]3[C@H]([C@@H]([C@@H](O3)N4C=C(C5=C(N=CN=C54)N)Cl)F)O)C=C1,Active,0.01,8.0,active
276,156326973,CN1C=CC(=N1)C2=CN(C3=NC=NC(=C23)N)[C@H]4[C@H]([C@@H]([C@H](O4)COC5=CC6=C(C=C5)SC(=N6)N7CCC7)O)F,Active,0.01,8.0,active
277,164570047,CNC1=NC2=C(C=CC(=C2)OC[C@@H]3[C@H]([C@@H]([C@@H](O3)N4C=C(C5=C(N=CN=C54)N)C6=NN(C=C6)C7COC7)F)O)C=C1,Active,0.01,8.0,active
278,166631854,C1CCC(C1)C2=CN(C3=NC=NC(=C23)N)[C@H]4[C@H]([C@@H]([C@H](O4)COC5=CC6=C(C=C5)C=CC(=N6)N7CCC7)O)F,Active,0.01,8.0,active
279,156327115,CC1=CC(=C2C=CC(=CC2=N1)OC[C@@H]3[C@H]([C@@H]([C@@H](O3)N4C=C(C5=C(N=CN=C54)N)Br)F)O)N,Active,0.01,8.0,active
280,156327791,CNC1=NC2=C(C=CC(=C2)OC[C@@H]3[C@H]([C@H]([C@@H](O3)N4C=C(C5=C(N=CN=C54)N)C6CCCCC6)O)O)C=C1,Active,0.01,8.0,active
281,156327136,CN1C=CC(=N1)C2=CN(C3=NC=NC(=C23)N)[C@H]4[C@H]([C@@H]([C@H](O4)COC5=CC6=C(C=C5)C=CC(=N6)N(C)CCS(=O)(=O)C)O)F,Active,0.1,7.0,active
282,156327043,CN1C=CC(=N1)C2=CN(C3=NC=NC(=C23)N)[C@H]4[C@H]([C@@H]([C@H](O4)COC5=CC6=C(C=C5)C=CC(=N6)NC7CC(C7)N)O)F,Active,0.01,8.0,active
283,166633069,CCC1=CC(=C2C=CC(=CC2=N1)OC[C@@H]3[C@H]([C@@H]([C@@H](O3)N4C=C(C5=C(N=CN=C54)N)C6=NN(C=C6)C)F)O)N7CCOCC7,Active,0.01,8.0,active
284,156327792,CCNC1=NC2=C(C=CC(=C2)OC[C@@H]3[C@H]([C@@H]([C@@H](O3)N4C=C(C5=C(N=CN=C54)N)C6=NN(C=C6)C)F)O)C=C1,Active,0.01,8.0,active
285,156327068,C1CC1C2=NC3=C(C=CC(=C3)OC[C@@H]4[C@H]([C@@H]([C@@H](O4)N5C=C(C6=C(N=CN=C65)N)Br)F)O)C(=C2)N,Active,0.01,8.0,active
286,156327045,CC(C)N1C=C(N=C1)C2=CN(C3=NC=NC(=C23)N)[C@H]4[C@H]([C@@H]([C@H](O4)COC5=CC6=C(C=C5)C=CC(=N6)NC)O)F,Active,0.01,8.0,active
287,156326993,CCC1=CC(=C2C=CC(=CC2=N1)OC[C@@H]3[C@H]([C@@H]([C@@H](O3)N4C=C(C5=C(N=CN=C54)N)C6=NN(C=C6)C)F)O)N(C)C,Active,0.01,8.0,active
288,166634009,CN(C)CC1=CN(C2=NC=NC(=C12)N)[C@H]3[C@H]([C@@H]([C@H](O3)COC4=CC5=C(C=C4)C=CC(=N5)N6CCC6)O)F,Active,0.01,8.0,active
289,156327047,CC1=NC(=CC=C1)C2=CN(C3=NC=NC(=C23)N)[C@H]4[C@H]([C@@H]([C@H](O4)COC5=CC6=C(C=C5)C=CC(=N6)NC)O)F,Active,0.01,8.0,active
290,156327126,CNC1=NC2=C(C=CC(=C2)OC[C@@H]3[C@H]([C@H]([C@@H](O3)N4C=C(C5=C(N=CN=C54)N)CC6CC6)O)O)C=C1,Active,0.01,8.0,active
291,156327013,CNC1=NC2=C(C=CC(=C2)OC[C@@H]3[C@H]([C@@H]([C@@H](O3)N4C=C(C5=C(N=CN=C54)N)C6=CC(=CC(=C6)F)F)F)O)C=C1,Active,0.1,7.0,active
292,156296130,CNC1=NC2=C(C=CC(=C2)OC[C@@H]3[C@H]([C@H]([C@@H](O3)N4C=C(C5=C(N=CN=C54)N)C6CCCC6)O)O)C=C1,Active,0.01,8.0,active
293,156326946,CC1=NN(C=C1)C2=CN(C3=NC=NC(=C23)N)[C@H]4[C@H]([C@@H]([C@H](O4)COC5=CC6=C(C=C5)C=CC(=N6)N7CC(C7)O)O)F,Active,0.01,8.0,active
294,156327144,CN1C=CC(=N1)C2=CN(C3=NC=NC(=C23)N)[C@H]4[C@H]([C@@H]([C@H](O4)COC5=CC6=C(C=C5)C=CC(=N6)NC7CCC7)O)F,Active,0.01,8.0,active
295,156327035,C1CN(C1)C2=NC3=C(C=CC(=C3)OC[C@@H]4[C@H]([C@@H]([C@@H](O4)N5C=C(C6=C(N=CN=C65)N)N7C=CC(=N7)C(F)(F)F)F)O)C=C2,Active,0.01,8.0,active
296,156327002,CCC1=CC(=C2C=CC(=CC2=N1)OC[C@@H]3[C@H]([C@@H]([C@@H](O3)N4C=C(C5=C(N=CN=C54)N)C6=NN(C=C6)C)F)O)N(C)C7CC7,Active,0.01,8.0,active
297,156326992,CNC1=NC2=C(C=CC(=C2)OC[C@@H]3[C@H]([C@@H]([C@@H](O3)N4C=C(C5=C(N=CN=C54)N)C6=NN(C=C6)C)F)O)C=C1,Active,0.01,8.0,active
298,156327037,CN1C=CC(=N1)C2=CN(C3=NC=NC(=C23)N)[C@H]4[C@H]([C@@H]([C@H](O4)COC5=CC6=NC(=CN=C6C=C5)N7CCC7)O)F,Active,0.01,8.0,active
299,156327124,CNC1=NC2=C(C=CC(=C2)OC[C@@H]3[C@H]([C@@H]([C@@H](O3)N4C=C(C5=C(N=CN=C54)N)Br)F)O)C=C1,Active,0.01,8.0,active
300,156327005,CN(C)C1=NC2=C(C=CC(=C2)OC[C@@H]3[C@H]([C@H]([C@@H](O3)N4C=C(C5=C(N=CN=C54)N)C6CCCC6)O)O)C=C1,Active,0.01,8.0,active
301,156327117,CNC1=NC2=C(C=CC(=C2)OC[C@@H]3[C@H]([C@@H]([C@@H](O3)N4C=C(C5=C(N=CN=C54)N)C6=CN(C=N6)C)F)O)C=C1,Active,0.01,8.0,active
302,166636244,CNC1=NC2=C(O1)C=CC(=C2)OC[C@@H]3[C@H]([C@@H]([C@@H](O3)N4C=C(C5=C(N=CN=C54)N)C6=NN(C=C6)C)F)O,Active,0.1,7.0,active
303,166636264,CNC1=NC2=C(C=CC(=C2)OC[C@@H]3[C@H]([C@H]([C@@H](O3)N4C=C(C5=C(N=CN=C54)N)Br)O)O)C=C1,Active,0.01,8.0,active
304,166636424,CNC1=NC2=C(C=CC(=C2)OC[C@@H]3[C@H]([C@@H]([C@@H](O3)N4C=CC5=C(N=CN=C54)N)F)O)C=C1,Active,0.01,8.0,active
305,156296084,CNC1=NC2=C(C=CC(=C2)OC[C@@H]3[C@H](C[C@@H](O3)N4C=C(C5=C(N=CN=C54)N)C6CCCC6)O)C=C1,Active,0.01,8.0,active
306,156304049,CNC1=NC2=C(C=CC(=C2)OCC3=NC(=CS3)N4C=C(C5=C(N=CN=C54)N)Cl)C=C1,Active,0.01,8.0,active
307,156326954,CC1=CC=C(O1)C2=CN(C3=NC=NC(=C23)N)[C@H]4[C@H]([C@@H]([C@H](O4)COC5=CC6=C(C=C5)C=CC(=N6)NC)O)F,Active,1.0,6.0,active
308,166625870,C1=CC(=CC2=C1C=CC(=N2)N)OC[C@@H]3[C@H]([C@H]([C@@H](O3)N4C=C(C5=C(N=CN=C54)N)Br)O)O,Active,0.01,8.0,active
309,126637970,C1=CC(=CC2=C1C=CC(=N2)N)OC[C@@H]3[C@H]([C@H]([C@@H](O3)N4C=CC5=C(N=CN=C54)N)O)O,Active,0.01,8.0,active
310,156327123,CNC1=NC2=C(C=CC(=C2)OC[C@@H]3[C@H](C[C@@H](O3)N4C=C(C5=C(N=CN=C54)N)Cl)O)C=C1,Active,0.01,8.0,active
311,156327066,C1=CC2=C(C=CN=C2C=C1OC[C@@H]3[C@H]([C@@H]([C@@H](O3)N4C=C(C5=C(N=CN=C54)N)Br)F)O)N,Active,0.1,7.0,active
312,166628309,CCC1=CC(=C2C=CC(=CC2=N1)OC[C@@H]3[C@H]([C@@H]([C@@H](O3)N4C=C(C5=C(N=CN=C54)N)Br)F)O)N,Active,0.01,8.0,active
313,126637528,CN(C)C1=NC2=C(C=CC(=C2)OC[C@@H]3[C@H]([C@H]([C@@H](O3)N4C=CC5=C(N=CN=C54)N)O)O)C=C1,Active,0.01,8.0,active
314,156327049,CNC1=NC2=C(C=CC(=C2)OC[C@@H]3[C@H]([C@H]([C@@H](O3)N4C=C(C5=C(N=CN=C54)N)CC=C)O)O)C=C1,Active,0.01,8.0,active
315,164570044,CCCC(=O)C1=CN(C2=NC=NC(=C12)N)[C@H]3[C@H]([C@@H]([C@H](O3)COC4=CC5=C(C=C4)C=CC(=N5)NC)O)F,Active,0.01,8.0,active
316,156326997,CCNC1=NC2=C(C=CC(=C2)OC[C@@H]3[C@H]([C@H]([C@@H](O3)N4C=CC5=C(N=CN=C54)N)O)O)C=C1,Active,0.01,8.0,active
317,156327110,CNC1=NC2=C(C=CC(=C2)OC[C@@H]3[C@H]([C@@H]([C@@H](O3)N4C=C(C5=C(N=C(N=C54)N)N)Br)F)O)C=C1,Active,0.1,7.0,active
318,166634057,CNC1=NC2=C(C=CC(=C2)OC[C@@H]3[C@H]([C@@H]([C@@H](O3)N4C=CC5=C(N=C(N=C54)C(=O)OC)N)F)O)C=C1,Unspecified,1.0,6.0,active
319,166632717,CNC1=NC2=NC(=NC=C2C=C1)OC[C@@H]3[C@H]([C@H]([C@@H](O3)N4C=C(C5=C(N=CN=C54)N)Br)O)O,Unspecified,1.0,6.0,active
320,156296242,CNC1=NC2=C(C=CC(=C2)OCC3=CC(=CN=C3)N4C=C(C5=C(N=CN=C54)N)Cl)C=C1,Active,0.01,8.0,active
321,156304121,CCC1=C(C=C(C=N1)N2C=C(C3=C(N=CN=C32)N)Cl)COC4=CC5=C(C=C4)C=CC(=N5)NC,Active,0.01,8.0,active
322,156304010,CNC1=NC2=C(C=CC(=C2)OCC3=CC(=NC=C3)N4C=C(C5=C(N=CN=C54)N)Cl)C=C1,Active,0.1,7.0,active
323,164610109,C1C[C@H](OC1)C2=CN(C3=NC=NC(=C23)N)[C@H]4[C@H]([C@@H]([C@H](O4)COC5=CC6=C(C=C5)C=CC(=N6)N7CCC7)O)F,Active,1.0,6.0,active
324,164570051,CCC1=CC(=C2C(=N1)C=C(C=N2)OC[C@@H]3[C@H]([C@H]([C@@H](O3)N4C=C(C5=C(N=CN=C54)N)C6=NN(C=C6)C)O)O)NCCOC,Active,0.01,8.0,active
325,166636528,CN1C=CC(=N1)C2=CN(C3=NC=NC(=C23)N)[C@H]4[C@H]([C@@H]([C@H](O4)CCC5CCNCC5)O)F,Active,0.01,8.0,active
326,166626182,C1CNCCC1CC[C@@H]2[C@H]([C@@H]([C@@H](O2)N3C=CC4=C(N=CN=C43)N)F)O,Active,0.1,7.0,active
327,163239156,CC1=CN2C=C(N=C2C=C1)CNC(=O)C3=CC(=O)N4C=CC=CC4=C3,Active,3.25,5.488116639021126,active
328,156442379,C1CC(C1)CNCC2=CC3=C(N2)C=C(C=C3)CNC(=O)C4=CC(=O)N5C=CC=CC5=N4,Active,0.0061,8.214670164989233,active
329,156461678,C1=CC=C2C(=C1)C=C(N2)CNC(=O)C3=CC(=O)N4C=CC=CC4=N3,Active,6.68,5.175223537524454,active
330,156461944,C1=CC2=NC(=CN2C=C1)CNCC3=CC4=C(N3)C=C(C=C4)CNC(=O)C5=CC(=O)N6C=CC=CC6=N5,Active,0.193,6.714442690992226,active
331,156461943,C1[C@H]2C=C[C@@H]([C@@H]1CNCC3=CC4=C(N3)C=C(C=C4)CNC(=O)C5=CC(=O)N6C=CC=CC6=N5)O2,Active,0.0151,7.82102305270683,active
332,156442362,CC1(CCCC1)NCC2=CC3=C(N2)C=C(C=C3)CNC(=O)C4=CC(=O)N5C=CC=CC5=N4,Active,0.0061,8.214670164989233,active
333,156461758,C1CC(C1)CNCC2=CC3=C(N2)C=C(N=C3)CNC(=O)C4=CC(=O)N5C=CC=CC5=N4,Active,0.0061,8.214670164989233,active
334,156461783,CC(C)CNCC1=CC2=C(N1)C=C(C=C2)CNC(=O)C3=CC(=O)N4C=CC=CC4=N3,Active,0.00864,8.063486257521106,active
335,156748886,C#CCNCC1=CC2=C(N1)C=C(C=C2)CNC(=O)C3=CC(=O)N4C=CC=CC4=N3,Active,0.636,6.196542884351587,active
336,156461968,CC(C)(C)CNCC1=CC2=C(N1)C=C(C=C2)CNC(=O)C3=CC(=O)N4C=CC=CC4=N3,Active,0.0061,8.214670164989233,active
337,156442188,C1=CC2=NC(=CC(=O)N2C=C1)C(=O)NCC3=CC4=C(C=C3)C=CN4,Active,1.09,5.962573502059376,active
338,156442376,C1=CC2=NC(=CC(=O)N2C=C1)C(=O)NCC3=CC4=C(C=C3)C=C(N4)CO,Active,0.564,6.248720896016658,active
339,156461941,C1C2CC3CC1CC(C2)(C3)NCC4=CC5=C(N4)C=C(C=C5)CNC(=O)C6=CC(=O)N7C=CC=CC7=N6,Active,0.0061,8.214670164989233,active
340,156442205,C1CC(C1)(CNCC2=CC3=C(N2)C=C(C=C3)CNC(=O)C4=CC(=O)N5C=CC=CC5=N4)O,Active,0.0061,8.214670164989233,active
341,156442226,CC(=O)N(CC1CCC1)CC2=CC3=C(N2)C=C(C=C3)CNC(=O)C4=CC(=O)N5C=CC=CC5=N4,Active,1.16,5.935542010773082,active
342,156442358,C1CC(C1)CNCC2=C(C3=C(N2)C=C(C=C3)CNC(=O)C4=CC(=O)N5C=CC=CC5=N4)F,Active,0.0061,8.214670164989233,active
343,156461649,CN1C(=CC2=C1C=C(C=C2)CNC(=O)C3=CC(=O)N4C=CC=CC4=N3)CNCC5CCC5,Active,5.08,5.294136287716081,active
344,155167581,C1CCC(CC1)CNCC2=CN3C=C(N=C3C=C2)CNC(=O)C4=CC(=O)N5C=CC=CC5=N4,Active,0.017,7.769551078621726,active
345,156461690,C1CCNC(C1)C2=CC3=C(N2)C=C(C=C3)CNC(=O)C4=CC(=O)N5C=CC=CC5=N4,Active,0.756,6.121478204498794,active
346,156442165,C1=CC2=CC(=CN2C=C1)CNC(=O)C3=CC(=O)N4C=CC=CC4=N3,Active,5.08,5.294136287716081,active
347,156442185,C1CC(C1)CNCC2=CC3=C(N2)C=C(C=C3)CNC(=O)C4=CN=C5C(=C4)C=CN5,Active,0.0061,8.214670164989233,active
348,156748915,CC(C)(C)C1(CC1)NCC2=CC3=C(N2)C=C(C=C3)CNC(=O)C4=CC(=O)N5C=CC=CC5=N4,Active,0.0148,7.829738284605042,active
349,156461681,C1CC(C1)CNCC2=CC3=C(N2)N=C(C=C3)CNC(=O)C4=CC(=O)N5C=CC=CC5=N4,Active,0.192,6.716698771296451,active
350,156748906,C1C(CN1CC2=CC3=C(N2)C=C(C=C3)CNC(=O)C4=CC(=O)N5C=CC=CC5=N4)OCC(F)(F)F,Active,0.15,6.823908740944319,active
351,156461629,CC1CCN1CC2=CC3=C(N2)C=C(C=C3)CNC(=O)C4=CC(=O)N5C=CC=CC5=N4,Active,0.638,6.195179321278838,active
352,156461961,C1CC1CNCC2=CC3=CC(=C(C=C3N2)CNC(=O)C4=CC(=O)N5C=CC=CC5=N4)F,Active,0.0123,7.910094888560602,active
353,156461651,C1CC2(C1)CC2NCC3=CC4=C(N3)C=C(C=C4)CNC(=O)C5=CC(=O)N6C=CC=CC6=N5,Active,0.0061,8.214670164989233,active
354,156442178,C1CC(C1)CNCC2=NC3=C(N2)C=C(C=C3)CNC(=O)C4=CC(=O)N5C=CC=CC5=N4,Active,0.0321,7.493494967595128,active
355,156442168,C1C2(CC1(C2)F)CNCC3=CC4=C(N3)C=C(C=C4)CNC(=O)C5=CC(=O)N6C=CSC6=N5,Active,0.0061,8.214670164989233,active
356,156462038,C1C2CC1(C2)CNCC3=CC4=C(N3)C=C(C=N4)CNC(=O)C5=CC(=O)N6C=CC=CC6=N5,Active,0.0061,8.214670164989233,active
357,156461717,C1C2CC1N(C2)CC3=CC4=C(N3)C=C(C=C4)CNC(=O)C5=CC(=O)N6C=CC=CC6=N5,Active,0.0886,7.052566278112949,active
358,156461718,C1COCCN1CC2=CC3=C(N2)C=C(C=C3)CNC(=O)C4=CC(=O)N5C=CC=CC5=N4,Active,0.603,6.219682687859849,active
359,156442357,C1CC2(C1)CCN(C2)CC3=CC4=C(N3)C=C(N=C4)CNC(=O)C5=CC(=O)N6C=CC=CC6=N5,Active,0.0061,8.214670164989233,active
360,156461719,C1CC(N(C1)CC2=CC3=C(N2)C=C(C=C3)CNC(=O)C4=CC(=O)N5C=CC=CC5=N4)CO,Active,0.228,6.642065152999546,active
361,156461835,CC1(CCCN1CC2=CC3=C(N2)C=C(C=C3)CNC(=O)C4=CC(=O)N5C=CC=CC5=N4)C,Active,0.0716,7.145086977692144,active
362,156461864,CC12CC(C1)(C2)CNCC3=CC4=C(N3)C=C(N=C4)CNC(=O)C5=CC(=O)N6C=CC=CC6=N5,Active,0.0061,8.214670164989233,active
363,156442363,CC1(CCN(CC1)CC2=CC3=C(N2)C=C(C=C3)CNC(=O)C4=CC(=O)N5C=CC=CC5=N4)C,Active,0.00384,8.415668775632469,active
364,156461954,C1=CC=C(C=C1)CNCC2=CC3=C(N2)C=C(C=C3)CNC(=O)C4=CC(=O)N5C=CC=CC5=N4,Active,0.00986,8.006123085058789,active
365,156461672,C1CC(C1)CNCC2=CC3=C(N2)C=C(C=N3)CNC(=O)C4=CC(=O)N5C=CC=CC5=N4,Active,0.00686,8.163675884293248,active
366,156748977,CC(C12CC(C1)(C2)F)NCC3=CC4=C(N3)C=C(C=C4)CNC(=O)C5=CC(=O)N6C=CC=CC6=N5,Active,0.0061,8.214670164989233,active
367,156461648,C1C(CC1(F)F)CNCC2=CC3=C(N2)C=C(C=C3)CNC(=O)C4=CC(=O)N5C=CC=CC5=N4,Active,0.0061,8.214670164989233,active
368,156461647,C1CC(C1)(CNCC2=CC3=C(N2)C=C(C=C3)CNC(=O)C4=CC(=O)N5C=CC=CC5=N4)F,Active,0.0176,7.75448733218585,active
369,156442197,CC1(CC1)CNCC2=CC3=C(N2)C=C(C=C3)CNC(=O)C4=CC(=O)N5C=CC=CC5=N4,Active,0.0061,8.214670164989233,active
370,166060835,C1C2CC1CN(C2)CC3=CC4=C(N3)C=C(C=C4)CNC(=O)C5=CC(=O)N6C=CC=CC6=N5,Active,0.00953,8.020907099361674,active
371,156461946,C1CCN(CC1)CC2=CC3=C(N2)C=C(C=C3)CNC(=O)C4=CC(=O)N5C=CC=CC5=N4,Active,0.0268,7.5718652059712115,active
372,156461940,C1CN(CCC1F)CC2=CC3=C(N2)C=C(C=C3)CNC(=O)C4=CC(=O)N5C=CC=CC5=N4,Active,0.014,7.853871964321762,active
373,156461953,C1CCC(C1)(CNCC2=CC3=C(N2)C=C(C=C3)CNC(=O)C4=CC(=O)N5C=CC=CC5=N4)O,Active,0.0061,8.214670164989233,active
374,156461960,C1[C@H]2C=C[C@@H]([C@H]1CNCC3=CC4=C(N3)C=C(C=C4)CNC(=O)C5=CC(=O)N6C=CC=CC6=N5)O2,Active,0.0156,7.806875401645539,active
375,156461966,C1C2CC1(C2)NCC3=CC4=C(N3)C=C(C=C4)CNC(=O)C5=CC(=O)N6C=CC=CC6=N5,Active,0.0708,7.149966742310231,active
376,156748936,C1CC(C1)NCC2=CC3=C(N2)C=C(C=C3)CNC(=O)C4=CC(=O)N5C=CC=CC5=N4,Active,0.0192,7.716698771296451,active
377,156461820,C1CC1NCC2=CC3=C(N2)C=C(C=C3)CNC(=O)C4=CC(=O)N5C=CC=CC5=N4,Active,0.0664,7.177831920631983,active
378,156461818,C1CC2CCC1CN2CC3=CC4=C(N3)C=C(C=C4)CNC(=O)C5=CC(=O)N6C=CC=CC6=N5,Active,0.00662,8.1791420105603,active
379,156461948,C1C(C1(F)F)CNCC2=CC3=C(N2)C=C(C=C3)CNC(=O)C4=CC(=O)N5C=CC=CC5=N4,Active,0.00628,8.202040356262804,active
380,156748880,C1C2(CC1(C2)F)CNCC3=CC4=C(N3)C=C(C=C4)CNC(=O)C5=CC(=O)N6C=CC=CC6=N5,Active,0.0061,8.214670164989233,active
381,156461950,C1CCC(CC1)CNCC2=CC3=C(N2)C=C(C=C3)CNC(=O)C4=CC(=O)N5C=CC=CC5=N4,Active,0.0117,7.931814138253839,active
382,156461947,C1CCC(CC1)(CNCC2=CC3=C(N2)C=C(C=C3)CNC(=O)C4=CC(=O)N5C=CC=CC5=N4)O,Active,0.0117,7.931814138253839,active
383,156461784,C1CCC(C1)NCC2=CC3=C(N2)C=C(C=C3)CNC(=O)C4=CC(=O)N5C=CC=CC5=N4,Active,0.0061,8.214670164989233,active
384,156461781,C1CCC(C1)CNCC2=CC3=C(N2)C=C(C=C3)CNC(=O)C4=CC(=O)N5C=CC=CC5=N4,Active,0.0061,8.214670164989233,active
385,156461782,COC1(CCC1)CNCC2=CC3=C(N2)C=C(C=C3)CNC(=O)C4=CC(=O)N5C=CC=CC5=N4,Active,0.00932,8.03058408764602,active
386,156461636,C1CCC(CC1)NCC2=CC3=C(N2)C=C(C=C3)CNC(=O)C4=CC(=O)N5C=CC=CC5=N4,Active,0.0061,8.214670164989233,active
387,156461635,C1CC1CNCC2=CC3=C(N2)C=C(C=C3)CNC(=O)C4=CC(=O)N5C=CC=CC5=N4,Active,0.0107,7.97061622231479,active
388,156461633,C1COC1CNCC2=CC3=C(N2)C=C(C=C3)CNC(=O)C4=CC(=O)N5C=CC=CC5=N4,Active,0.00811,8.090979145788845,active
389,156461964,C1C2CC1(C2)CNCC3=CC4=C(N3)C=C(C=C4)CNC(=O)C5=CC(=O)N6C=CC=CC6=N5,Active,0.0061,8.214670164989233,active
390,156461963,C1C[C@@H]([C@H](C1)O)NCC2=CC3=C(N2)C=C(C=C3)CNC(=O)C4=CC(=O)N5C=CC=CC5=N4,Active,0.0061,8.214670164989233,active
391,156461832,C1C[C@H]([C@@H](C1)O)NCC2=CC3=C(N2)C=C(C=C3)CNC(=O)C4=CC(=O)N5C=CC=CC5=N4,Active,0.0107,7.97061622231479,active
392,156461833,C1C[C@@H]([C@@H](C1)O)NCC2=CC3=C(N2)C=C(C=C3)CNC(=O)C4=CC(=O)N5C=CC=CC5=N4,Active,0.0061,8.214670164989233,active
393,156461831,C1C[C@H]([C@H](C1)O)NCC2=CC3=C(N2)C=C(C=C3)CNC(=O)C4=CC(=O)N5C=CC=CC5=N4,Active,0.0102,7.991399828238083,active
394,156461952,C1CC(C1)CNCC2=CC3=CC(=C(C=C3N2)CNC(=O)C4=CC(=O)N5C=CC=CC5=N4)F,Active,0.0061,8.214670164989233,active
395,156461814,C1=CC2=NC(=CC(=O)N2C=C1)C(=O)NCC3=CC4=C(C=C3)C=C(N4)CNCC(F)(F)F,Active,1.22,5.913640169325252,active
396,166060832,C1CC2(C1)CN(C2)CC3=CC4=C(N3)C=C(C=C4)CNC(=O)C5=CC(=O)N6C=CC=CC6=N5,Active,0.0061,8.214670164989233,active
397,156461621,C1C2C1CN(C2)CC3=CC4=C(N3)C=C(C=C4)CNC(=O)C5=CC(=O)N6C=CC=CC6=N5,Active,0.0172,7.764471553092451,active
398,156442214,CN(CC1CCC1)CC2=CC3=C(N2)C=C(C=C3)CNC(=O)C4=CC(=O)N5C=CC=CC5=N4,Active,0.0113,7.94692155651658,active
399,156461622,CC#CCNCC1=CC2=C(N1)C=C(C=C2)CNC(=O)C3=CC(=O)N4C=CC=CC4=N3,Active,0.199,6.701146923590294,active
400,156461620,C1CC1C#CCNCC2=CC3=C(N2)C=C(C=C3)CNC(=O)C4=CC(=O)N5C=CC=CC5=N4,Active,0.26,6.585026652029182,active
401,156748980,C1CC2C(C1)C2NCC3=CC4=C(N3)C=C(C=C4)CNC(=O)C5=CC(=O)N6C=CC=CC6=N5,Active,0.0352,7.453457336521869,active
402,156461805,C1CC2(CC1C2)CNCC3=CC4=C(N3)C=C(C=C4)CNC(=O)C5=CC(=O)N6C=CC=CC6=N5,Active,0.0061,8.214670164989233,active
403,156461806,CC12CC(C1)(C2)CNCC3=CC4=C(N3)C=C(C=C4)CNC(=O)C5=CC(=O)N6C=CC=CC6=N5,Active,0.0061,8.214670164989233,active
404,156461804,CC1CN(C1)CC2=CC3=C(N2)C=C(C=C3)CNC(=O)C4=CC(=O)N5C=CC=CC5=N4,Active,0.0753,7.1232050237993,active
405,156461724,C1C(CN1CC2=CC3=C(N2)C=C(C=C3)CNC(=O)C4=CC(=O)N5C=CC=CC5=N4)F,Active,0.488,6.311580177997289,active
406,156461725,C1CN(C1)CC2=CC3=C(N2)C=C(C=C3)CNC(=O)C4=CC(=O)N5C=CC=CC5=N4,Active,0.445,6.351639989019069,active
407,156461726,C1CCC2(C1)CN(C2)CC3=CC4=C(N3)C=C(C=C4)CNC(=O)C5=CC(=O)N6C=CC=CC6=N5,Active,0.0061,8.214670164989233,active
408,156461645,C1C(CN1CC2=CC3=C(N2)C=C(C=C3)CNC(=O)C4=CC(=O)N5C=CC=CC5=N4)O,Active,0.374,6.42712839779952,active
409,156461642,CC1(CN(C1)CC2=CC3=C(N2)C=C(C=C3)CNC(=O)C4=CC(=O)N5C=CC=CC5=N4)C,Active,0.00932,8.03058408764602,active
410,156461660,C1C(CN1CC2=CC3=C(N2)C=C(C=C3)CNC(=O)C4=CC(=O)N5C=CC=CC5=N4)C(F)F,Active,0.0678,7.168770306132937,active
411,156461657,COC1CN(C1)CC2=CC3=C(N2)C=C(C=C3)CNC(=O)C4=CC(=O)N5C=CC=CC5=N4,Active,0.158,6.801342913045578,active
412,156461661,CC(C)(C)OC1CN(C1)CC2=CC3=C(N2)C=C(C=C3)CNC(=O)C4=CC(=O)N5C=CC=CC5=N4,Active,0.309,6.510041520575165,active
413,156461659,C1C(CN1CC2=CC3=C(N2)C=C(C=C3)CNC(=O)C4=CC(=O)N5C=CC=CC5=N4)C(F)(F)F,Active,0.106,6.97469413473523,active
414,156461627,CCOC1CN(C1)CC2=CC3=C(N2)C=C(C=C3)CNC(=O)C4=CC(=O)N5C=CC=CC5=N4,Active,0.113,6.94692155651658,active
415,156461628,C1CCC2(CC1)CN(C2)CC3=CC4=C(N3)C=C(C=C4)CNC(=O)C5=CC(=O)N6C=CC=CC6=N5,Active,0.0061,8.214670164989233,active
416,166060833,C1CC2(C1)CN(C2)CCC3=CC4=C(N3)C=C(C=C4)CNC(=O)C5=CC(=O)N6C=CC=CC6=N5,Active,0.118,6.928117992693875,active
417,156442198,CC(C)(C)NCC1=CC2=C(N1)C=C(C=C2)CNC(=O)C3=CC(=O)N4C=CC=CC4=N3,Active,0.0809,7.092051478387728,active
418,156461702,CC1(CCN(C1)CC2=CC3=C(N2)C=C(C=C3)CNC(=O)C4=CC(=O)N5C=CC=CC5=N4)C,Active,0.0061,8.214670164989233,active
419,166060827,C1C(CC12CN(C2)CC3=CC4=C(N3)C=C(C=C4)CNC(=O)C5=CC(=O)N6C=CC=CC6=N5)F,Active,0.0061,8.214670164989233,active
420,156748956,C1C2(CC1(F)F)CN(C2)CC3=CC4=C(N3)C=C(C=C4)CNC(=O)C5=CC(=O)N6C=CC=CC6=N5,Active,0.0061,8.214670164989233,active
421,156461967,C1CC(C1)C2CN(C2)CC3=CC4=C(N3)C=C(C=C4)CNC(=O)C5=CC(=O)N6C=CC=CC6=N5,Active,0.0061,8.214670164989233,active
422,156748844,C1CC1C2CN(C2)CC3=CC4=C(N3)C=C(C=C4)CNC(=O)C5=CC(=O)N6C=CC=CC6=N5,Active,0.00924,8.034328028779893,active
423,156461956,CC(C)(C)C1CN(C1)CC2=CC3=C(N2)C=C(C=C3)CNC(=O)C4=CC(=O)N5C=CC=CC5=N4,Active,0.0072,8.142667503568731,active
424,156461945,CC1CC(C1)CNCC2=CC3=C(N2)C=C(C=C3)CNC(=O)C4=CC(=O)N5C=CC=CC5=N4,Active,0.00666,8.176525770829699,active
425,156461942,CC(C)(C)C(C)(C)NCC1=CC2=C(N1)C=C(C=C2)CNC(=O)C3=CC(=O)N4C=CC=CC4=N3,Active,0.00699,8.15552282425432,active
426,156748909,CCC1(CN(C1)CC2=CC3=C(N2)C=C(C=C3)CNC(=O)C4=CC(=O)N5C=CC=CC5=N4)CC,Active,0.0061,8.214670164989233,active
427,156461671,CC#CCCNCC1=CC2=C(N1)C=C(C=C2)CNC(=O)C3=CC(=O)N4C=CC=CC4=N3,Active,0.185,6.732828271596986,active
428,156461670,C1CC2(C1)CCN(C2)CC3=CC4=C(N3)C=C(C=C4)CNC(=O)C5=CC(=O)N6C=CC=CC6=N5,Active,0.0061,8.214670164989233,active
429,156461837,C1CC2CN(CC2C1)CC3=CC4=C(N3)C=C(C=C4)CNC(=O)C5=CC(=O)N6C=CC=CC6=N5,Active,0.0061,8.214670164989233,active
430,156461854,CC1(CCC1)CNCC2=CC3=C(N2)C=C(C=C3)CNC(=O)C4=CC(=O)N5C=CC=CC5=N4,Active,0.0061,8.214670164989233,active
431,156748991,C1CC12CC(C2)CNCC3=CC4=C(N3)C=C(C=C4)CNC(=O)C5=CC(=O)N6C=CC=CC6=N5,Active,0.00922,8.03526907894637,active
432,156748905,C1C2(CC1(C2)CF)CNCC3=CC4=C(N3)C=C(C=C4)CNC(=O)C5=CC(=O)N6C=CC=CC6=N5,Active,0.00897,8.047207556955907,active
433,166060830,C1CC12CCN(C2)CC3=CC4=C(N3)C=C(C=C4)CNC(=O)C5=CC(=O)N6C=CC=CC6=N5,Active,0.0135,7.869666231504994,active
434,156748890,COC12CC(C1)(C2)CNCC3=CC4=C(N3)C=C(C=C4)CNC(=O)C5=CC(=O)N6C=CC=CC6=N5,Active,0.0178,7.749579997691106,active
435,156461722,C1CCC2(C1)CCN(C2)CC3=CC4=C(N3)C=C(C=C4)CNC(=O)C5=CC(=O)N6C=CC=CC6=N5,Active,0.0061,8.214670164989233,active
436,156461720,C1CN(CC12CCO2)CC3=CC4=C(N3)C=C(C=C4)CNC(=O)C5=CC(=O)N6C=CC=CC6=N5,Active,0.125,6.903089986991944,active
437,156748966,C1C2(CC1(C2)C#N)CNCC3=CC4=C(N3)C=C(C=C4)CNC(=O)C5=CC(=O)N6C=CC=CC6=N5,Active,0.00754,8.122628654130226,active
438,156748981,C1CC12CC2CNCC3=CC4=C(N3)C=C(C=C4)CNC(=O)C5=CC(=O)N6C=CC=CC6=N5,Active,0.0061,8.214670164989233,active
439,156748847,C1C2CC1(C2)CNCC3=CC4=C(N3)C=C(N=C4)CNC(=O)C5=CC(=O)N6C=CC=CC6=N5,Active,0.0061,8.214670164989233,active
440,164884911,C1C2(CC1(C2)F)CNCC3=CC4=C(N3)C=C(N=C4)CNC(=O)C5=CC(=O)N6C=CC=CC6=N5,Active,0.0061,8.214670164989233,active
441,156748871,C1C2(CC1(C2)F)CNCC3=CC4=C(N3)C=C(C=N4)CNC(=O)C5=CC(=O)N6C=CC=CC6=N5,Active,0.0061,8.214670164989233,active
442,156461663,C1CC2CC1CN2CC3=CC4=C(N3)C=C(C=C4)CNC(=O)C5=CC(=O)N6C=CC=CC6=N5,Active,0.0244,7.61261017366127,active
443,156748930,[2H]C([2H])(C1=CC2=C(N1)C=C(C=C2)CNC(=O)C3=CC(=O)N4C=CC=CC4=N3)NCC5CCC5,Active,0.0061,8.214670164989233,active
444,166635206,C1C[C@H]2[C@@H](C[C@@H]1O2)CNCC3=CC4=C(N3)C=C(C=C4)CNC(=O)C5=CC(=O)N6C=CC=CC6=N5,Active,0.0151,7.82102305270683,active
445,156461707,C1CC(C1)CNCC2=CC3=C(N2)C=C(C=C3)CN4C=C(N=N4)C5=CC(=O)N6C=CC=CC6=N5,Active,0.0061,8.214670164989233,active
446,168489989,C1CC(C1)CNCC2=CC3=C(N2)C=C(C=C3)CNC(=O)C4CCCC5C4CNN5,Active,0.0125,7.903089986991944,active
447,166632082,C1C[C@H]2[C@H](C[C@@H]1O2)CNCC3=CC4=C(N3)C=C(C=C4)CNC(=O)C5=CC(=O)N6C=CC=CC6=N5,Active,0.0156,7.806875401645539,active
448,156748994,C1CCN2C(=NC(=CC2=O)C(=O)NCC3=CC4=C(C=C3)C=C(N4)CNCC5CCC5)C1,Active,0.0114,7.943095148663527,active
449,156461655,C1CC(C1)CNCC2=CC3=C(N2)C=C(C=C3)CNC(=O)C4=C5C=NNC5=CC=C4,Active,0.0125,7.903089986991944,active
450,156461789,C1CC(C1)C2(CC2)NCC3=CC4=C(N3)C=C(C=C4)CNC(=O)C5=CC(=O)N6C=CC=CC6=N5,Active,0.0061,8.214670164989233,active
451,168489993,C1CC(C2CNNC2C1)C3=CN(N=N3)CC4=CC5=C(C=C4)C=C(N5)CNCC6(CCC6)O,Active,0.0061,8.214670164989233,active
452,168489994,C1CC(C1)CNCC2=CC3=C(N2)C=C(N=C3)CN4C=C(N=N4)C5CCCC6C5CNN6,Active,0.0061,8.214670164989233,active
453,168489990,C1C[C@@H]([C@@H](C1)O)NCC2=CC3=C(N2)C=C(C=C3)CN4C=C(N=N4)C5CCCC6C5CNN6,Active,0.00783,8.106238237942057,active
454,168489991,C1CCC(C1)NCC2=CC3=C(N2)C=C(C=C3)CN4C=C(N=N4)C5CCCC6C5CNN6,Active,0.0061,8.214670164989233,active
455,168489996,C1CC(C1)CNCC2=CC3=C(N2)C=C(C=C3)CN4C=CC(=C4)C5CCCC6C5CNN6,Active,0.00682,8.166215625343522,active
456,166060828,C1CC2(C1)CN(C2)CC3=CC4=C(N3)C=C(C=C4)CN5C=C(N=N5)C6=C7C=NNC7=CC=C6,Active,0.0061,8.214670164989233,active
457,168489998,C1CC(C2CNNC2C1)C3=CN(N=N3)CC4=CC5=C(C=C4)C=C(N5)CN6CC7(C6)CCC7,Active,0.0061,8.214670164989233,active
458,156304100,CNC1=NC2=C(C=CC(=C2)OCC3=CC(=CN=C3)N4C=C(C5=C(N=CN=C54)N)C6CCCC6)C=C1,Active,0.01,8.0,active
459,166039026,CNC1=NC2=C(C=CC(=C2)CCC3=CC(=CN=C3)N4C=C(C5=C(N=CN=C54)N)Cl)C=C1,Active,0.01,8.0,active
460,166039032,CNC1=NC2=C(C=CC(=C2)CCC3=CC(=CN=C3)N4C=CC5=C(N=CN=C54)N)C=C1,Active,0.01,8.0,active
461,156296245,CNC1=NC2=C(C=CC(=C2)COC3=CN=CC(=C3)N4C=CC5=C(N=CN=C54)N)C=C1,Active,0.01,8.0,active
462,156303966,CNC1=NC2=C(C=CC(=C2)OCC3=CC(=CN=C3)N4C=C(C5=C(N=CN=C54)N)C6CCN(CC6)C)C=C1,Active,0.1,7.0,active
463,156304170,CC1=NC(=CO1)C2=CN(C3=NC=NC(=C23)N)C4=CN=CC(=C4)COC5=CC6=C(C=C5)C=CC(=N6)N7CCC7,Active,0.01,8.0,active
464,156304085,C1CN(C1)C2=NC3=C(C=CC(=C3)OCC4=CC(=CN=C4)N5C=C(C6=C(N=CN=C65)N)CO)C=C2,Active,0.01,8.0,active
465,156304175,CS(=O)(=O)C1=CN(C2=NC=NC(=C12)N)C3=CN=CC(=C3)COC4=CC5=C(C=C4)C=CC(=N5)N6CCC6,Active,0.01,8.0,active
466,156304171,CC(=O)C1=CN(C2=NC=NC(=C12)N)C3=CN=CC(=C3)COC4=CC5=C(C=C4)C=CC(=N5)N6CCC6,Active,0.01,8.0,active
467,156304029,CS(=O)C1=CN(C2=NC=NC(=C12)N)C3=CN=CC(=C3)COC4=CC5=C(C=C4)C=CC(=N5)N6CCC6,Active,0.1,7.0,active
468,156304133,CNC1=NC2=C(C=CC(=C2)OCC3=CC(=CC=C3)N4C=C(C5=C(N=CN=C54)N)C6CC6)C=C1,Active,0.01,8.0,active
469,156304050,CN1C=CC(=N1)C2=CN(C3=NC=NC(=C23)N)C4=CN=CC(=C4)COC5=CC6=C(C=C5)C=CC(=N6)N7CCC(CC7)(F)F,Active,0.1,7.0,active
470,156304102,C1CC1CNC2=NC3=C(C=CC(=C3)OCC4=CC(=CN=C4)N5C=C(C6=C(N=CN=C65)N)Cl)C=C2,Active,0.1,7.0,active
471,166039007,CNC1=NC2=C(C=CC(=C2)OCC3=CN=CC(=N3)N4C=C(C5=C(N=CN=C54)N)C6CCCC6)C=C1,Active,0.01,8.0,active
472,166636481,COC1=CC=CC=C1C2=CN(C3=NC=NC(=C23)N)C4=CN=CC(=C4)COC5=CC6=C(C=C5)C=CC(=N6)N7CCC7,Unspecified,1.0,6.0,active
473,156304123,CCC1=CC(=C2C=CC(=CC2=N1)OCC3=CC(=CN=C3)N4C=C(C5=C(N=CN=C54)N)[C@@H]6CCCO6)N(C)C7CC7,Active,0.01,8.0,active
474,156304076,CNC1=NC2=C(C=CC(=C2)OCC3=CC(=CN=C3)C4=CN(C5=C4N=CN=C5N)C6CCCC6)C=C1,Active,0.01,8.0,active
475,166630828,CNC1=NC2=C(C=CC(=C2)CC[C@H]3C[C@H]([C@@H]([C@@H]3O)O)N4C=C(C5=C(N=CN=C54)N)C6CCCCC6)C=C1,Active,0.01,8.0,active
476,156304118,CNC1=NC2=C(C=CC(=C2)OCC3=CC(=CN=C3)N4C=C(C5=C(N=CN=C54)N)C6=NC=CO6)C=C1,Active,0.01,8.0,active
477,156304089,CC1=C(C2=C(N1)C(=NC=N2)N)C3=CN=CC(=C3)COC4=CC5=C(C=C4)C=CC(=N5)NC,Active,0.01,8.0,active
478,156304034,CC(C)C1=NC2=C(C=CC(=C2)CCC3=CC(=CN=C3)N4C=C(C5=C(N=CN=C54)N)C6CCCC6)C(=C1)N,Active,0.01,8.0,active
479,156303937,C[C@H]1CCN1C2=NC3=C(C=CC(=C3)OCC4=CC(=CN=C4)N5C=C(C6=C(N=CN=C65)N)C7CCCC7)C=C2,Active,0.01,8.0,active
480,166039044,CCC1=CC(=C2C=CC(=CC2=N1)OCC3=CC(=CN=C3)N4C=C(C5=C(N=CN=C54)N)C6CCCC6)N,Active,0.01,8.0,active
481,156304108,CNC1=NC2=C(C=CC(=C2)OCC3=CC(=CN=C3)N4C=C(C5=CN=CN=C54)C6CCCC6)C=C1,Active,0.1,7.0,active
482,166039047,CNC1=NC2=C(C=CC(=C2)OCC3=CC(=CC=C3)N4C=C(C5=C(N=CN=C54)N)Br)C=C1,Active,0.01,8.0,active
483,166039046,CNC1=NC2=C(C=CC(=C2)OCC3=CC(=CC(=C3)CO)N4C=CC5=C(N=CN=C54)N)C=C1,Active,0.01,8.0,active
484,156303978,CNC1=NC2=C(C=CC(=C2)OCC3=CC(=CC=C3)N4C=CC5=C(N=CN=C54)N)C=C1,Active,0.01,8.0,active
485,156303997,CNC1=NC2=C(C=CC(=C2)OCC3=CC(=CC(=C3)N4C=CC5=C(N=CN=C54)N)C#N)C=C1,Active,0.1,7.0,active
486,156304160,C1C[C@H](OC1)C2=CN(C3=NC=NC(=C23)N)C4=CN=CC(=C4)COC5=CC6=C(C=C5)C=CC(=N6)N7CCC7,Active,0.01,8.0,active
487,156304101,CCC1=CC(=O)C2=C(N1)C=C(C=C2)OCC3=CC(=CN=C3)N4C=C(C5=C(N=CN=C54)N)C6CCCC6,Active,0.1,7.0,active
488,156303946,CCNC1=NC2=C(C=CC(=C2)OCC3=CC(=CN=C3)N4C=C(C5=C(N=CN=C54)N)C6=NN(C=C6)C)C=C1,Active,0.01,8.0,active
489,156304155,CCC1=CC(=C2C=CC(=CC2=N1)OCC3=CC(=CN=C3)N4C=C(C5=C(N=CN=C54)N)C6=NN(C=C6)C)NC,Active,0.01,8.0,active
490,156304082,CCC1=NC2=C(C=CC(=C2)OCC3=CC(=CN=C3)N4C=C(C5=C(N=CN=C54)N)C6=NN(C=C6)C)C=C1,Active,0.01,8.0,active
491,156303985,CNC1=NC2=C(C=CC(=C2)OCC3=CN=CC(=N3)N4C=CC5=C(N=CN=C54)N)C=C1,Active,0.01,8.0,active
492,156303999,CC(C1CC1)C2=CN(C3=NC=NC(=C23)N)C4=CN=CC(=C4)COC5=CC6=C(C=C5)C=CC(=N6)NC,Active,0.01,8.0,active
493,156304017,C1CCN(C1)C2=NC3=C(C=CC(=C3)OCC4=CC(=CN=C4)N5C=CC6=C(N=CN=C65)N)C=C2,Active,0.01,8.0,active
494,156304039,CCNC1=NC2=C(C=CC(=C2)OCC3=CC(=CN=C3)N4C=C(C5=C(N=CN=C54)N)[C@@H]6CCCO6)C=C1,Active,0.01,8.0,active
495,156304122,CCC1=CC(=C2C=CC(=CC2=N1)OCC3=CC(=CN=C3)N4C=C(C5=C(N=CN=C54)N)[C@@H]6CCCO6)NC(=O)C,Active,0.01,8.0,active
496,156304176,CNC1=NC2=C(C=CC(=C2)OCC3=CC(=CN=C3)N4C=C(C5=C(N=CN=C54)N)C6=CC=NN6C)C=C1,Active,0.01,8.0,active
497,156304174,CN1C=CC(=N1)C2=CN(C3=NC=NC(=C23)N)C4=CN=CC(=C4)COC5=CC6=NC(=NC=C6C=C5)N7CCC7,Unspecified,1.0,6.0,active
498,156304041,CCC1=CC(=C2C=CC(=CC2=N1)OCC3=CC(=CN=C3)N4C=C(C5=C(N=CN=C54)N)[C@@H]6CCCO6)N7CCNCC7,Active,0.01,8.0,active
499,156731623,CC1=CC=C(O1)C2=CN(C3=NC=NC(=C23)N)C4=CN=CC(=C4)COC5=CC6=C(C=C5)C=CC(=N6)NC,Active,0.01,8.0,active
500,166629085,CNC1=NC2=C(C=CC(=C2)OCC3=CC(=CN=C3)N4C=C(C5=C(N=CN=C54)N)C6=CC=C(O6)CNCCS(=O)(=O)C)C=C1.C(=O)(C(F)(F)F)O,Active,0.01,8.0,active
501,156731594,CN1C=CC(=N1)C2=CN(C3=NC=NC(=C23)N)C4=CN=CC(=C4)COC5=CC6=C(C=C5)C=CC(=N6)N7CC8(C7)COC8,Active,0.1,7.0,active
502,156304061,CN1C=CC(=N1)C2=CN(C3=NC=NC(=C23)N)C4=CN=CC(=C4)COC5=CC6=C(C=C5)C=CC(=N6)N7CC(C7)O,Active,0.01,8.0,active
503,156304158,CN1C=CC(=N1)C2=CN(C3=NC=NC(=C23)N)C4=CN=CC(=C4)COC5=CC6=C(C=C5)C=CC(=N6)N7CC(C7)N,Active,0.01,8.0,active
504,156731570,CN1C=CC(=N1)C2=CN(C3=NC=NC(=C23)N)C4=CN=CC(=C4)COC5=CC6=C(C=C5)C=CC(=N6)N7CC8(C7)CCC8,Active,0.1,7.0,active
505,156304152,CCC1=CC(=C2C=CC(=CC2=N1)OCC3=CC(=CN=C3)N4C=C(C5=C(N=CN=C54)N)[C@H]6CCCO6)NCCOC,Active,0.01,8.0,active
506,156304045,CC(C)NC1=NC2=C(C=CC(=C2)OCC3=CC(=CN=C3)N4C=C(C5=C(N=CN=C54)N)Cl)C=C1,Active,0.01,8.0,active
507,156304013,CNC1=NC2=C(C=CC(=C2)OCC3=CC(=CC=C3)N4C=C(C5=C(N=CN=C54)N)C6CCCC6)C=C1,Active,0.01,8.0,active
508,156304067,CN1C=CC(=N1)C2=CN(C3=NC=NC(=C23)N)C4=CN=CC(=C4)COC5=CC6=C(C=C5)C=CC(=N6)N7CCOCC7,Active,0.01,8.0,active
509,156304040,CCC1=CC(=C2C=CC(=CC2=N1)OCC3=CC(=CN=C3)N4C=C(C5=C(N=CN=C54)N)[C@H]6CCCO6)N7CCNCC7,Active,0.01,8.0,active
510,156304146,CNC1=NC2=C(C=CC(=C2)OCC3=CC(=CN=C3)N4C=C(C5=C(N=CN=C54)N)[C@H]6CCCO6)C=C1,Active,0.01,8.0,active
511,156304060,CCC1=CC(=C2C=CC(=CC2=N1)OCC3=CC(=CN=C3)N4C=C(C5=C(N=CN=C54)N)[C@H]6CCCO6)N7CCOCC7,Active,0.01,8.0,active
512,166039040,COCC1=CN(C2=NC=NC(=C12)N)C3=CN=CC(=C3)COC4=CC5=C(C=C4)C=CC(=N5)N6CCC6,Active,0.01,8.0,active
513,156304056,CCC1=CC(=C2C=CC(=CC2=N1)OCC3=CC(=CN=C3)N4C=C(C5=C(N=CN=C54)N)[C@@H]6CCCO6)NCCOC,Active,0.01,8.0,active
514,156304069,CN1C=CC(=N1)C2=CN(C3=NC=NC(=C23)N)C4=CN=CC(=C4)COC5=CC6=C(C=C5)C=CC(=N6)N7CC8(C7)CC8,Active,0.01,8.0,active
515,156304120,CN1C=CC(=N1)C2=CN(C3=NC=NC(=C23)N)C4=CN=CC(=C4)COC5=CC6=C(C=C5)C=CC(=N6)N(C)CCO,Active,0.01,8.0,active
516,156304168,CN1C=CC(=N1)C2=CN(C3=NC=NC(=C23)N)C4=CN=CC(=C4)COC5=CC6=C(C=C5)C=CC(=N6)N7CC(=O)C7,Active,0.01,8.0,active
517,156304145,CN1C=CC(=N1)C2=CN(C3=NC=NC(=C23)N)C4=CN=CC(=C4)COC5=CC6=C(C=C5)C=CC(=N6)N7CCCC7=O,Unspecified,1.0,6.0,active
518,156304150,C1=CC(=CC2=NC(=C(C=C21)Br)N)OCC3=CC(=CN=C3)N4C=CC5=C(N=CN=C54)N,Unspecified,1.0,6.0,active
519,166039016,CCC1=CC(=C2C=CC(=CC2=N1)OCC3=CC(=CN=C3)N4C=C(C5=C(N=CN=C54)N)Cl)N,Active,0.01,8.0,active
520,156304063,CN1C=CC(=N1)C2=CN(C3=NC=NC(=C23)N)C4=CN=CC(=C4)COC5=CC6=C(C=C5)C=CC(=N6)N7CC(C7)F,Active,0.01,8.0,active
521,166039010,CNC1=NC2=C(C=CC(=C2)OCC3=CC(=CN=C3)N4C=C(C5=C(N=CN=C54)N)CC6CC6)C=C1,Active,0.01,8.0,active
522,156304111,CCC1=NC2=C(C=CC(=C2)OCC3=CC(=CN=C3)N4C=C(C5=C(N=CN=C54)N)[C@@H]6CCCO6)C(=C1)C,Active,0.01,8.0,active
523,166039036,CNC1=NC2=C(C=CC(=C2)OCC3=CC(=CN=C3)N4C=CC5=C(N=C(N=C54)NC)N)C=C1,Unspecified,1.0,6.0,active
524,156304153,CCNC1=NC2=C(C=CC(=C2)OCC3=CC(=CN=C3)N4C=C(C5=C(N=CN=C54)N)[C@H]6CCCO6)C=C1,Active,0.01,8.0,active
525,156304007,C1CCC(C1)C2=CN(C3=NC=NC(=C23)N)C4=CN=CC(=C4)COC5=CC6=C(C=C5)C=CC(=N6)N7CCC7,Active,0.01,8.0,active
526,156304117,C1CC1CNC2=NC3=C(C=CC(=C3)OCC4=CC(=CC=C4)N5C=C(C6=C(N=CN=C65)N)Cl)C=C2,Active,0.1,7.0,active
527,156304092,CCNC1=NC2=C(C=CC(=C2)CCC3=CC(=CN=C3)N4C=C(C5=C(N=CN=C54)N)[C@H]6CCCO6)C=C1,Active,0.01,8.0,active
528,156304019,C[C@@H]1CCN1C2=NC3=C(C=CC(=C3)OCC4=CC(=CN=C4)N5C=C(C6=C(N=CN=C65)N)C7CCCC7)C=C2,Active,0.01,8.0,active
529,166039043,CNC1=NC2=C(C=CC(=C2)OCC3=CC(=CC=C3)N4C=C(C5=C(N=CN=C54)N)CCN(C)C)C=C1,Active,0.1,7.0,active
530,156304043,CN1C=CC(=N1)C2=CN(C3=NC=NC(=C23)N)C4=CN=CC(=C4)COC5=CC6=C(C=C5)C=CC(=N6)C7CCOCC7,Active,0.1,7.0,active
531,156304110,CNC1=NC2=C(C=CC(=C2)OCC3=CC(=CN=C3)N4C=CC5=C(N=C(N=C54)N)N)C=C1,Active,0.1,7.0,active
532,156304159,CN1C=CC(=N1)C2=CN(C3=NC=NC(=C23)N)C4=CN=CC(=C4)COC5=CC6=C(C=C5)C=CC(=N6)N7CC(C7)(F)F,Active,0.01,8.0,active
533,156296281,CNC1=NC2=C(C=CC(=C2)CCC3=CC(=CN=C3)N4C=C(C5=C(N=CN=C54)N)C6=NN(C=C6)C)C=C1,Active,0.01,8.0,active
534,156304047,CN1C=CC(=N1)C2=CN(C3=NC=NC(=C23)N)C4=CN=CC(=C4)COC5=CC6=C(C=C5)C=CC(=N6)N7CCC7=O,Unspecified,1.0,6.0,active
535,166633993,CCC1=CC(=C2C=CC(=CC2=N1)OCC3=CC(=CN=C3)N4C=C(C5=C(N=CN=C54)N)[C@@H]6CCCO6)OC,Active,0.01,8.0,active
536,156304080,CC1=CN(C2=NC=NC(=C12)N)C3=CN=CC(=C3)COC4=CC5=C(C=C4)C=CC(=N5)NC,Active,0.01,8.0,active
537,156304051,CNC1=NC2=C(C=CC(=C2)OCC3=CC(=CN=C3)N4C=C(C5=C(N=CN=C54)N)C6CCC(CC6)(F)F)C=C1,Active,0.01,8.0,active
538,156304107,CNC1=NC2=C(C=CC(=C2)OCC3=CC(=CN=C3)N4C=CC5=C(N=CN=C54)N)C=C1,Active,0.01,8.0,active
539,156304048,C1CCN(C1)C2=NC3=C(C=CC(=C3)OCC4=CC(=CN=C4)N5C=C(C6=C(N=CN=C65)N)Cl)C=C2,Active,0.01,8.0,active
540,166039038,CNC1=NC2=C(C=CC(=C2)OCC3=CC(=CN=C3)N4C=CC5=C(N=C(N=C54)NC(=O)C=C)N)C=C1,Unspecified,1.0,6.0,active
541,156304066,C1CC(OC1)C2=CN(C3=NC=NC(=C23)N)C4=CN=CC(=C4)COC5=CC6=C(C=CC(=N6)N7CCC7)N=C5,Unspecified,1.0,6.0,active
542,156304068,CN1CCN(CC1)C2=NC3=C(C=CC(=C3)OCC4=CC(=CN=C4)N5C=C(C6=C(N=CN=C65)N)C7=NN(C=C7)C)C=C2,Active,0.1,7.0,active
543,166635474,CCNC1=NC2=C(C=CC(=C2)CCC3=CC(=CN=C3)N4C=C(C5=C(N=CN=C54)N)[C@@H]6CCCO6)C=C1,Active,0.01,8.0,active
544,156303956,CNC1=NC2=C(C=CC(=C2)OCC3=CC(=CN=C3)N4C=C(C5=C(N=CN=C54)N)C6CCCO6)C=C1,Active,0.01,8.0,active
545,156304104,CCNC1=NC2=C(C=CC(=C2)OCC3=CC(=CN=C3)N4C=C(C5=C(N=CN=C54)N)Cl)C=C1,Active,0.01,8.0,active
546,166636088,C1CN(C1)C2=NC3=C(C=CC(=C3)OCC4=CC(=CN=C4)N5C=C(C6=C(N=CN=C65)N)Cl)C=C2,Active,0.01,8.0,active
547,156304149,CNC1=NC2=C(C=CC(=C2)OCC3=CC(=CN=C3)N4C=C(C5=C(N=CN=C54)N)[C@@H]6CCCO6)C=C1,Active,0.01,8.0,active
548,156304098,CNC1=NC2=C(C=CC(=C2)CCC3=CC(=CN=C3)N4C=C(C5=C(N=CN=C54)N)F)C=C1,Active,0.01,8.0,active
549,156304164,CCC1=CC(=C2C=CC(=CC2=N1)OCC3=CC(=CN=C3)N4C=C(C5=C(N=CN=C54)N)[C@@H]6CCCO6)N7CCOCC7,Active,0.01,8.0,active
550,156303974,CCNC1=NC2=C(C=CC(=C2)OCC3=CC(=CC=C3)N4C=C(C5=C(N=CN=C54)N)Cl)C=C1,Active,0.01,8.0,active
551,156304071,CC(=O)NC1CN(C1)C2=NC3=C(C=CC(=C3)OCC4=CC(=CN=C4)N5C=C(C6=C(N=CN=C65)N)C7=NN(C=C7)C)C=C2,Active,0.01,8.0,active
552,156304161,C1C[C@@H](OC1)C2=CN(C3=NC=NC(=C23)N)C4=CN=CC(=C4)COC5=CC6=C(C=C5)C=CC(=N6)N7CCC7,Active,0.01,8.0,active
553,166634784,CNC1=NC2=C(C=CC(=C2)CC[C@H]3C[C@H]([C@@H]([C@@H]3O)O)N4C=C(C5=C(N=CN=C54)N)C6CCCC6)C=C1,Active,0.01,8.0,active
554,156304075,CN1C=CC(=N1)C2=CN(C3=NC=NC(=C23)N)C4=CN=CC(=C4)COC5=CC6=C(C=C5)C=CC(=N6)N7CC(C7)(CO)CO,Active,0.1,7.0,active
555,156304072,COCCN1C=CC(=N1)C2=CN(C3=NC=NC(=C23)N)C4=CN=CC(=C4)COC5=CC6=C(C=C5)C=CC(=N6)N7CCC7,Active,0.01,8.0,active
556,156304005,CN(C)CCNC1=CC(=NC2=C1C=CC(=C2)OCC3=CC(=CN=C3)N4C=CC5=C(N=CN=C54)N)C6CCC6,Active,0.01,8.0,active
557,166039042,CC1=CC(=C2C=CC(=CC2=N1)OCC3=CC(=CN=C3)N4C=C(C5=C(N=CN=C54)N)Cl)N,Active,0.01,8.0,active
558,166039030,CCC1=NC(=C2C=CN(C2=N1)C3=CN=CC(=C3)COC4=CC5=C(C=C4)C=CC(=N5)NC)N,Active,0.01,8.0,active
559,166039035,C1=CC(=CC2=C1C=CC(=N2)N)OCC3=CC(=CN=C3)N4C=CC5=C(N=CN=C54)N,Active,0.01,8.0,active
560,166039034,CNC1=NC2=C(C=CC(=C2)OCC3=CC(=CN=C3)N4C=CC5=C(N=C(N=C54)N(C)C)N)C=C1,Unspecified,1.0,6.0,active
561,156303963,CC1=CC2=C(N=CN=C2N1C3=CN=CC(=C3)COC4=CC5=C(C=C4)C=CC(=N5)NC)N,Active,0.01,8.0,active
562,166039028,CC1=C2C=CN(C2=NC=N1)C3=CN=CC(=C3)COC4=CC5=C(C=C4)C=CC(=N5)NC,Active,0.01,8.0,active
563,156303943,CCCC(=O)C1=CN(C2=NC=NC(=C12)N)C3=CN=CC(=C3)COC4=CC5=C(C=C4)C=CC(=N5)NC,Active,0.01,8.0,active
564,156304022,CNC1=NC2=C(C=CC(=C2)OCC3=CC(=CN=C3)N4C=C(C5=C(N=CN=C54)N)CCN(C)C)C=C1,Active,0.01,8.0,active
565,156303981,CNC1=NC2=C(C=CC(=C2)OCC3=CC(=CC=C3)N4C=C(C5=C(N=CN=C54)N)CC6CC6)C=C1,Active,0.01,8.0,active
566,156304143,CNC1=NC2=C(C=CC(=C2)CCC3=CN=CC(=N3)N4C=C(C5=C(N=CN=C54)N)C6CCCC6)C=C1,Active,0.01,8.0,active
567,156304032,CCC1=CC(=C2C=CC(=CC2=N1)CCC3=CC(=CN=C3)N4C=C(C5=C(N=CN=C54)N)[C@@H]6CCCO6)NCCN(C)C,Active,0.01,8.0,active
568,156303953,CCC1=CC(=C2C=CC(=CC2=N1)CCC3=CC(=CN=C3)N4C=CC5=C(N=CN=C54)N)NCCCN(C)C,Active,0.01,8.0,active
569,156304058,CCNC1=NC2=C(C=CC(=C2)CCC3=CN=CC(=N3)N4C=C(C5=C(N=CN=C54)N)[C@H]6CCCO6)C=C1,Active,0.01,8.0,active
570,156304031,CCC1=CC(=C2C=CC(=CC2=N1)CCC3=CC(=CN=C3)N4C=C(C5=C(N=CN=C54)N)[C@H]6CCCO6)NCCN(C)C,Active,0.01,8.0,active
571,156304033,CCC1=CC(=C2C=CC(=CC2=N1)OCC3=CN=CC(=N3)N4C=C(C5=C(N=CN=C54)N)[C@@H]6CCCO6)N(C)C7CC7,Active,0.01,8.0,active
572,156304055,CCNC1=NC2=C(C=CC(=C2)CCC3=CN=CC(=N3)N4C=C(C5=C(N=CN=C54)N)[C@@H]6CCCO6)C=C1,Active,0.01,8.0,active
573,166039051,CC1=CC(=C2C=CC(=CC2=N1)OCC3=CC(=CN=C3)N4C=CC5=C(N=CN=C54)N)N,Active,0.1,7.0,active
574,156304027,CC(C)C1=NC2=C(C=CC(=C2)CCC3=CC(=CN=C3)N4C=CC5=C(N=CN=C54)N)C(=C1)N,Active,0.01,8.0,active
575,156304116,CNC1=NC2=C(C=CC(=C2)OCC3=CC(=CN=C3)N4C=CC5=C(N=CN=C54)N)C(=C1)CCCN6CCOCC6,Active,0.01,8.0,active
576,156304008,CC(C)C1=NC2=C(C=CC(=C2)OCC3=CC(=CN=C3)N4C=CC5=C(N=CN=C54)N)C(=N1)N,Active,0.01,8.0,active
577,166633930,CC(C)C1=NC2=C(C=CC(=C2)OCC3=CC(=CN=C3)N4C=CC5=C(N=CN=C54)N)C(=N1)NCCN(C)C,Active,0.01,8.0,active
578,156304105,CC1=CC(=C2C=CC(=CC2=N1)OCC3=CC(=CN=C3)N4C=CC5=C(N=CN=C54)N)NCCN(C)CCCCCC6=CC=CC=C6,Active,0.01,8.0,active
579,156304140,CC(C)C1=NC2=C(C=CC(=C2)OCC3=CC(=CN=C3)N4C=CC5=C(N=CN=C54)N)C(=C1)N6CCC6,Active,0.01,8.0,active
580,156304162,C1CN(CCN1)C(=O)C2=C(C=C(C=C2)OCC3=CC(=CN=C3)N4C=CC5=C(N=CN=C54)N)N,Unspecified,1.0,6.0,active
581,156304154,CN(C)CCNC(=O)C1=C(C=C(C=C1)OCC2=CC(=CN=C2)N3C=CC4=C(N=CN=C43)N)N,Unspecified,1.0,6.0,active
582,156303991,C1=CC2=C(C=C1OCC3=CC(=CN=C3)N4C=CC5=C(N=CN=C54)N)NC=CC2=O,Unspecified,1.0,6.0,active
583,156304114,CC1=CC(=C2C=CC(=CC2=N1)OCC3=CC(=CC=C3)N4C=CC5=C(N=CN=C54)N)N,Active,0.1,7.0,active
584,156304099,CC1=CC(=C2C=CC(=CC2=N1)OCC3=CC(=CN=C3)N4C=CC5=C(N=CN=C54)N)NCCN(C)CCCCC6=CC=CC=C6,Active,0.01,8.0,active
585,156304132,CC1=CC(=C2C=CC(=CC2=N1)OCC3=CC(=CN=C3)N4C=CC5=C(N=CN=C54)N)NCCN(C)CCCC6=CC=CC=C6,Active,0.01,8.0,active
586,166039048,CC(C)C1=NC2=C(C=CC(=C2)OCC3=CC(=CN=C3)N4C=CC5=C(N=CN=C54)N)C(=C1)N,Active,0.01,8.0,active
587,156303947,CC(C)C1=NC2=C(C=CC(=C2)OCC3=CC(=CN=C3)N4C=CC5=C(N=CN=C54)N)C(=C1)N6CCNCC6,Active,0.01,8.0,active
588,156304003,CC(C)(C)C1=NC2=C(C=CC(=C2)OCC3=CC(=CN=C3)N4C=CC5=C(N=CN=C54)N)C(=C1)N,Active,0.01,8.0,active
