,actives,decoys,cid
0,C1=CC=C2C(=C1)C=C(N2)CNC(=O)C3=CC(=O)N4C=CC=CC4=N3,CC(=O)C=Cn1c(-c2ccc3cc[nH]c3c2)nc2c(=O)[nH]ccc21,156461678
50,C1C(CC1N)/C=C/[C@@H]2[C@H]([C@H]([C@@H](O2)N3C=C(C4=C(N=CN=C43)N)Br)O)O,CC(C)NC(=O)NNC(=O)NC(C)C(=O)NC1CC1C1=CCC(Br)=C1,163239225
100,C1C(CN1)/C=C/[C@@H]2[C@H]([C@H]([C@@H](O2)N3C=C(C4=C(N=CN=C43)N)Br)O)O,CCC(NC(=O)NC(=O)Nc1cc(C)n[nH]1)C(O)C1=CC(Br)=C=C1,163239257
150,C1=CC2=NC(=CC(=O)N2C=C1)C(=O)NCC3=CC4=C(C=C3)C=CN4,O=C(Cc1coc(-c2cccc3n[nH]cc23)n1)Nc1ccccc1,156442188
200,C1=CC2=NC(=CC(=O)N2C=C1)C(=O)NCC3=CC4=C(C=C3)C=C(N4)CO,CCc1ccc2c(c1)[nH]c1[nH]c(=O)n(Cc3ccncc3OC)c(=O)c12,156442376
250,C1=CC2=CC(=CN2C=C1)CNC(=O)C3=CC(=O)N4C=CC=CC4=N3,Cc1cccnc1-n1ncc2nc(-c3cccc(O)c3)c(O)cc21,156442165
300,C1=C(C2=C(N=CN=C2N1[C@H]3[C@@H]([C@@H]([C@H](O3)/C=C/CCN)O)O)N)Br,CC1C(N)CCN1C(=O)Nc1ccc(Br)cc1OC(N)=CN,171400800
350,C1C(CO1)/C=C/[C@@H]2[C@H]([C@H]([C@@H](O2)N3C=C(C4=C(N=CN=C43)N)Br)O)O,Cc1c(Br)ccc2c1NCCOC(=O)CC1ON=C(N)C1NC2=O,163239238
400,CC1=CN2C=C(N=C2C=C1)CNC(=O)C3=CC(=O)N4C=CC=CC4=C3,COC(=O)c1cn(-c2ccc(-c3nc4ccccc4[nH]3)cc2)nc1C,163239156
450,C1C(CN1)C/C=C/[C@@H]2[C@H]([C@H]([C@@H](O2)N3C=C(C4=C(N=CN=C43)N)Br)O)O,CCN1CCNC2CCN(C(=O)C(=O)NCC3=CC(Br)N=C3O)CC21,163239323
500,C1CNCCC1CC[C@@H]2[C@H]([C@@H]([C@@H](O2)N3C=CC4=C(N=CN=C43)N)F)O,CC(C)(NC1CCC(F)C1)C(=O)NC(=O)Nc1ccc2[nH]ncc2c1,166626182
550,C1=C(C2=C(N=CN=C2N1[C@H]3[C@@H]([C@@H]([C@H](O3)/C=C/CCCN)O)O)N)Br,NC(=O)NNC(=O)C=CNC(=O)NC1C2=CCC=C2CC1CCBr,171400804
600,C1CNCCC1/C=C/[C@@H]2[C@H]([C@H]([C@@H](O2)N3C=C(C4=C(N=CN=C43)N)Br)O)O,CC1NC(=O)NC(=O)NC1CC(=O)NCc1ccc2c(c1)C=C(Br)C2N,163239321
650,C1CC(CNC1)/C=C/[C@@H]2[C@H]([C@H]([C@@H](O2)N3C=C(C4=C(N=CN=C43)N)Br)O)O,CC1(C)C(CN)C1NC(=O)Nc1c(-c2cccc(Br)c2)[nH]c(=O)[nH]c1=O,163239348
700,C1CNCC1/C=C/[C@@H]2[C@H]([C@H]([C@@H](O2)N3C=C(C4=C(N=CN=C43)N)Br)O)O,CCC(NC(=O)Nc1cccc(Br)c1NC(N)=O)C(=O)NC1CC1C,163239335
750,CNC1=NC2=C(C=CC(=C2)OC[C@@H]3[C@H]([C@@H]([C@@H](O3)N4C=C(C5=C(N=CN=C54)N)C6=CCNC6)F)O)C=C1,Cc1ccc2nc3[nH]c(=O)n(CCC(C)NC(=O)C=Cc4c[nH]c(=N)nc4C(C)F)c(=O)c3cc2c1,166629977
800,CNC1=NC2=C(C=CC(=C2)OC[C@@H]3[C@H]([C@H]([C@@H](O3)N4C=C(C5=C(N=CN=C54)N)C6=NN(C=C6)C)O)O)C=C1,NCCC(=O)N1CCCC(c2noc(-c3cnn(-c4ccccc4)c3NC(=O)NC3CCCOC3)n2)C1,156327795
850,CCC1=CC(=C2C=CC(=CC2=N1)CCC3=CC(=CN=C3)N4C=CC5=C(N=CN=C54)N)NCCCN(C)C,C=CC(=CC)CNc1cc(-c2nc(NC)cnc2-c2cccc(NCc3nc(=C)c(=C)n3C)c2)ccn1,156303953
900,C1=CC2=NC(=CN2C=C1)CNCC3=CC4=C(N3)C=C(C=C4)CNC(=O)C5=CC(=O)N6C=CC=CC6=N5,COc1cccc(-c2cccc3c(-c4cccc(NC(=O)N5CCc6n[nH]c(C)c6C5)c4)nnn23)c1,156461944
950,CNC1=NC2=C(C=CC(=C2)OCC3=CC(=CN=C3)N4C=C(C5=C(N=CN=C54)N)C6CCN(CC6)C)C=C1,CC(=C(Nc1ccc(C)cc1)C(=O)NCc1nncn1Nc1ccccc1)c1nn(C)c2ccccc12,156303966
1000,CNC1=NC2=C(C=CC(=C2)OC[C@@H]3[C@H]([C@@H]([C@@H](O3)N4C=C(C5=C(N=CN=C54)N)C6CCN(C6)C)F)O)C=C1,CCC(C)CC1(NC(C)NC)C(=O)Nc2ccc(-c3nc(CNC(=O)Nc4cccc(F)c4)no3)cc21,156327027
1050,CNC1=NC2=C(S1)C=CC(=C2)OC[C@@H]3[C@H]([C@@H]([C@@H](O3)N4C=C(C5=C(N=CN=C54)N)C6=NN(C=C6)C)F)O,Nc1c(-c2nnc(CN3C(=O)NC4(CC5CCCCCN5C4)C3=O)s2)cnn1-c1cccc(O)c1,166625996
1100,CS(=O)(=O)C1=CN(C2=NC=NC(=C12)N)C3=CN=CC(=C3)COC4=CC5=C(C=C4)C=CC(=N5)N6CCC6,Cc1ccc(Nc2cccc(NC(=O)c3ccc4nnn(CCC[SH](=O)=O)c5nccc3c45)c2)cn1,156304175
1150,CNC1=NC2=C(C=CC(=C2)OC[C@@H]3[C@H]([C@@H]([C@@H](O3)N4C=C(C5=C(N=CN=C54)N)C6=CN=CC=C6)F)O)C=C1,CCCc1nc(-c2c(NC(=O)c3nc(C4CCCOC4)[nH]c3C3CC3)[nH]c(=O)c3ccccc23)n[nH]1,156327011
1200,CNC1=NC2=C(C=C1)SC(=C2)CC[C@@H]3[C@H]([C@@H]([C@@H](O3)N4C=C(C5=C(N=CN=C54)N)C6=NN(C=C6)C)F)O,CN(Cc1nnc(-c2ccc(F)cc2)s1)C(=O)c1nnc(NCC2CCCC3CCCC32)n(N)c1=O,156326961
1250,C1[C@@H]([C@H]([C@H]([C@@H]1N2C=C(C3=C(N=CN=C32)N)Br)O)O)C4=CC5=C(C=C4)NC(=C5)CNCC67CC(C6)(C7)F,Cc1ccc(NC(=O)NC2CCCC2=CNc2ccc(Br)cc2)cc1NC(=O)C1NC2=C(F)C1CN2,163239244
1300,C1C2CC3CC1CC(C2)(C3)NCC4=CC5=C(N4)C=C(C=C5)CNC(=O)C6=CC(=O)N7C=CC=CC7=N6,CC1=C(C(=O)Nc2cccnc2C)C(c2ccc(C=CC(=O)c3cccc4c3N(C)CC4)cc2)NN1,156461941
1350,CC1(CCN(CC1)CC2=CC=C(C=C2)N3CC(=O)NC4(C3)CCN(CC4)C5=C6C=CNC6=NC=C5)C,CC(C)Nc1ncccc1C(=O)N1CC=C(C2=CC(=Cc3cccnc3)NC2N2CCCCC2)CC1,166630951
1400,CNC1=NC2=C(C=CC(=C2)OC[C@@H]3[C@H]([C@H]([C@@H](O3)N4C=C(C5=C(N=CN=C54)N)C(C6CC6)O)O)O)C=C1,CC(=O)c1cc(NC(=O)CNC(=O)NNC(=O)C2CCCc3ccccc32)cc2c1NC(C)NC2=O,166636129
1450,CC(C)C1=NC2=C(C=CC(=C2)OCC3=CC(=CN=C3)N4C=CC5=C(N=CN=C54)N)C(=N1)NCCN(C)C,CCc1ccc(NN=CC=Cc2ccc(NC(=O)c3nnn(-c4n[nH]c(C5CCC5)n4)c3C)cc2)cc1,166633930
1500,CNC1=NC2=C(C=CC(=C2)CC[C@@H]3[C@H]([C@H]([C@@H](O3)N4C=C(C5=C(N=CN=C54)N)C6CCCC6)O)O)C=C1,Cn1nc2c(c1CCC(=O)NC1c3ccccc3CC1CN)CN(C(=O)Nc1ccccc1O)CC2,156327010
1550,CNC1=NC2=C(C=CC(=C2)OC[C@@H]3[C@H]([C@@H]([C@@H](O3)N4C=C(C5=C(N=CN=C54)N)C6=CC=CC=N6)F)O)C=C1,CC1(CF)CC2Cc3c(C=NN=c4[nH]cc(C(=O)Nc5cccc(C#N)c5)c(=O)[nH]4)c[nH]c3CC2CO1,156326989
1600,CNC1=NC2=C(C=CC(=C2)OC[C@@H]3[C@H]([C@@H]([C@@H](O3)N4C=C(C5=C(N=CN=C54)N)C6=CC=NN6C)F)O)C=C1,CC1(CNC(=O)Nc2ccc(Nc3ccc(CF)cc3)n3nccc23)NC(=O)N(Cc2ccc[nH]2)C1=O,166632588
1650,CNC1=NC2=C(C=CC(=C2)OC[C@@H]3[C@H]([C@@H]([C@@H](O3)N4C=C(C5=C(N=CN=C54)N)C6=CC=NN6)F)O)C=C1,Cc1nc2c(nc1C1NC(=O)C(C)N1)-c1c(cc(C(=O)NNC(=O)c3ccccc3F)n1C)C(N)C2,156327050
1700,CCC1=CC(=C2C=CC(=CC2=N1)OCC3=CC(=CN=C3)N4C=CC5=C(N=CN=C54)N)N6CCN(CC6)C,CC=CCNCc1ccc(C(=O)N2CCc3c2ccc2nc(Cc4ccccc4C)[nH]c32)c2nnnn12,156304136
1750,CCNC1=NC2=C(C=CC(=C2)CCC3=CN=CC(=N3)N4C=C(C5=C(N=CN=C54)N)[C@H]6CCCO6)C=C1,Cc1cc(-c2n[nH]c(NC(C)C(C)n3c(=O)c(-c4ccncc4)nc4ccccc43)n2)cc(C)c1N,156304058
1800,CNC1=NC2=C(C=CC(=C2)CC[C@H]3C[C@H]([C@@H]([C@@H]3O)O)N4C=C(C5=C(N=CN=C54)N)C6CCCCC6)C=C1,O=C(Nc1cncc2ccccc12)NC1CCN(Cc2ccc(C(O)C3CC3)cc2)CC1c1ncc[nH]1,166630828
1850,CCNC1=NC2=C(C=CC(=C2)OC[C@@H]3[C@H]([C@H]([C@@H](O3)N4C=C(C5=C(N=CN=C54)N)C6CCCC6)O)O)C=C1,CC1CCCC(c2nc3ccc(NC(=O)CCNC(=O)N4c5ccccc5NC(=O)C4C)cc3[nH]2)C1,156327794
1900,C1CCC(C1)C2=CN(C3=NC=NC(=C23)N)[C@H]4[C@@H]([C@@H]([C@H](O4)COC5=CC6=C(C=C5)C(=CC(=N6)N)N)O)O,CC(N)C1(C)CCC(NC(=O)Nc2ccc(CNC(=O)NC(=O)c3cnc(C4CC4)[nH]3)cc2)CC1O,166630025
1950,CN1C=CC(=N1)C2=CN(C3=NC=NC(=C23)N)C4=CN=CC(=C4)CNC(=O)CC5=NC(=CC=C5)N6CCC6,CC=Nc1nc(Nc2nnc(Nc3ccc4c(c3)c3c(n4C)=CCCC=3)n2CCO)nc2cnccc12,156304129
2000,CCC1=NC2=C(N1)C=C(C=C2)OC[C@@H]3[C@H]([C@@H]([C@@H](O3)N4C=C(C5=C(N=CN=C54)N)C6=NN(C=C6)C)F)O,CC1CC(N)CN1C(=NC(=O)N1CC(=O)Nc2ccc(F)cc21)NCc1nc2ccc(CO)cc2[nH]1,156326964
2050,CNC1=NC2=C(C=CC(=C2)OCC3=NC=C(S3)N4C=C(C5=C(N=CN=C54)N)Cl)C=C1.C(=O)(C(F)(F)F)O,Cc1cccc(F)c1NC(=O)NNc1nc(C)c(CN(C)C(=O)Nc2cc(CC(F)(F)Cl)[nH]c(=O)c2)s1,166632950
2100,CC(C)C1=NC2=C(C=CC(=C2)CCC3=CC(=CN=C3)N4C=C(C5=C(N=CN=C54)N)C6CCCC6)C(=C1)N,CCNc1ccc(Cc2ccc(NCCc3ccc(C)cc3Nc3cc(C)c4cc[nH]c4n3)nn2)cc1,156304034
2150,CC1(CCN(CC1)CC2=CC=C(C=C2)N3CC(=O)NC4(C3)CCN(CC4)C5=CC(=NC=N5)N(C)C)C,CC1=CCCN=CC=C1n1nc(C(C)(C)C)cc1NC1CCN(C(=O)c2nn(C)c3c2CCCC3)C1,166627134
2200,CC1(CCN(CC1)CC2=C(C=C(C=C2)N3CC(=O)NC4(C3)CCN(CC4)C5=NC=NC(=C5)NC)F)C,CC=C1NCCN(C(C)CNC(=O)Nc2c(C)nn(-c3ccccc3)c2C)CCN(C)C=CC=C1F,156587345
2250,CC1(CCN(CC1)CC2=CC=C(C=C2)N3CC(=O)N(C4(C3)CCN(CC4)C5=NC=NC(=C5)NC)C)C,Cc1cc(C)cc(-n2nc(C(=O)NCCN3C=C4C=NN=C4C4C3=CCCN4C)cc2C)c1,156596355
2300,CC(C)NC1=CC(=NC=N1)N2CCC3(CC2)CN(CC(=O)N3)C4=CC=C(C=C4)CN5CCC(CC5)(C)C,C=CC(=CC)c1ncc(CNC(=O)NCc2c(C)cc(C)nc2N2CCCCC2)nc1C1CCCN1C,156596353
2350,CC1(CCN(CC1)CC2=CC(=C(C=C2)N3CC(=O)NC4(C3)CCN(CC4)C5=NC=NC(=C5)NC)F)C,Cc1c2c(nn1-c1ccccc1)C(=O)NCCNC(C)CC=NC(=CCN1CCCC1)CN(C)C2,156587344
2400,CC1(CCN(CC1)CC2=CC=C(C=C2)N3CC(=O)NC4(C3)CCN(CC4)C5=NC(=NC6=C5C=CN6)Cl)C,Cc1cccc(-c2cc(NC(=O)N3CCC(C)CC3)n(Cc3cc4c(cc3Cl)N3C(=NCC3C)N4)n2)c1,156596356
2450,CC1(CCN(CC1)CC2=CC=C(C=C2)N3CC(=O)NC4(C3)CCN(CC4)C5=NC=NC6=C5C=CN6)C,CNC1=NN2C(=Nc3cc(C(=O)N(Cc4ccc(C)cc4)c4ccc(C)cc4)ccn3)NCCC2C1,156596354
2500,CCC1=CC(=C2C=CC(=CC2=N1)OCC3=CC(=CN=C3)N4C=C(C5=C(N=CN=C54)N)C6CCCC6)N,CCc1nc2cccc3nc(C(C#N)=Cc4cc(NC(=O)NC5CCCCC5)ccc4C)[nH]c(n1)c23,166039044
2550,CNC1=NC2=C(C=CC(=C2)OC[C@@H]3[C@H]([C@@H]([C@@H](O3)N4C=C(C5=C(N=CN=C54)N)C6=CN(N=C6)C)F)O)C=C1,Cc1nn(CC(NC(=O)Nc2n[nH]c3nccc(OCCO)c23)c2cccc(F)c2)c2c1N(C)CCC2,156326991
2600,C1C[C@H](OC1)C2=CN(C3=NC=NC(=C23)N)C4=CN=CC(=C4)COC5=CC6=C(C=C5)C=CC(=N6)N7CCC7,N#Cc1cccc2c1CCN(C(=O)Cn1c(C3CCN(C(=O)Nc4cc[nH]c4)C3)nc3ccccc31)C2,156304160
2650,CCC1=CC(=O)C2=C(N1)C=C(C=C2)OCC3=CC(=CN=C3)N4C=C(C5=C(N=CN=C54)N)C6CCCC6,CN(CCCCn1cnc2c3c(ccc21)NC(=O)NC(C(=O)Nc1ccccc1)=C3)c1ccccc1,156304101
2700,CCNC1=NC2=C(C=CC(=C2)OCC3=CC(=CN=C3)N4C=C(C5=C(N=CN=C54)N)C6=NN(C=C6)C)C=C1,C=CCN(C)c1nc(NC(=O)N2CCNc3[nH]ncc32)nc(-c2ccc3c(c2)Cc2ccc(C)cc2-3)n1,156303946
2750,CCC1=NC2=C(C=CC(=C2)OCC3=CC(=CN=C3)N4C=C(C5=C(N=CN=C54)N)C6=NN(C=C6)C)C=C1,Cc1ccc2nc3nnc(NC(CNC(=O)c4cc(C)c5ccccn45)c4ccccc4)nc3n2c1,156304082
2800,C1[C@@H]([C@H]([C@H]([C@@H]1N2C=C(C3=C(N=CN=C32)N)F)O)O)C4=CC5=C(C=C4)C=C(N5)CNCC67CC(C6)(C7)F,CCc1cc(NC(=O)NC(C)(CC(C)c2ccc(F)c(F)c2)C(N)=O)ccc1NC1Nc2ccc1[nH]2,163239333
2850,CCC1=NC2=C(O1)C=CC(=C2)OC[C@@H]3[C@H]([C@@H]([C@@H](O3)N4C=C(C5=C(N=CN=C54)N)C6=NN(C=C6)C)F)O,COc1cc(NC(=O)c2cccc(NC(=O)c3nn(-c4nc[nH]n4)cc3C)c2)c2c(c1)C(F)OC=C2,164570053
2900,CCNC1=NC2=C(C=CC(=C2)OCC3=CC(=CN=C3)N4C=C(C5=C(N=CN=C54)N)[C@@H]6CCCO6)C=C1,Cc1cc(NC(=O)Nc2c(C)n[nH]c2C)c(N2CCc3cc4c(cc3C2=O)Cc2c[nH]nc2-4)cc1C,156304039
2950,CNC1=NC2=C(C=CC(=C2)OCC3=CC(=CN=C3)N4C=C(C5=C(N=CN=C54)N)C6=CC=NN6C)C=C1,CCNc1cc(NC(=O)c2c(C)cccc2-c2nc3nc4nc(CC)nn4c(C)c3[nH]2)ccc1C#N,156304176
3000,CN1C=CN=C1C2=NC3=C(C=CC(=C3)OC[C@@H]4[C@H]([C@@H]([C@@H](O4)N5C=C(C6=C(N=CN=C65)N)Br)F)O)C=C2,CC(C(=O)Nc1ccc(N)cc1O)N(C)C(=O)Nc1cc(Br)cnc1-c1nc2cc(F)ccc2n1C,166628364
3050,CNC1=NC2=C(C=CC(=C2)OC[C@@H]3[C@H]([C@@H]([C@@H](O3)N4C=C(C5=C(N=CN=C54)N)C6=NC=CO6)F)O)C=C1,COCc1[nH]cc(F)c1NC(=O)CCn1c(=O)[nH]c2nc(N(C)C(=O)NCC3CCCC3C)ccc21,156326963
3100,CN1C=CC(=N1)C2=CN(C3=NC=NC(=C23)N)C4=CN=CC(=C4)COC5=CC(=C(C=C5)C6=NC=CO6)N,CCc1n[nH]c(-c2ccc(NC(=O)NCc3nc4ccc(-c5cn(C)nc5C)cc4c(=O)[nH]3)cc2)n1,156304157
3150,CC1=CC=C(O1)C2=CN(C3=NC=NC(=C23)N)C4=CN=CC(=C4)COC5=CC6=C(C=C5)C=CC(=N6)NC,C=c1nc(C)c2c(NC(=O)c3cc(CNC(=O)NCCc4ccccc4)[nH]n3)ccc3c2c1cn3C,156731623
3200,CCNC1=NC2=C(C=CC(=C2)CCC3=CC(=CN=C3)N4C=C(C5=C(N=CN=C54)N)C6=NN(C=C6)C)C=C1,Cc1nc(-c2nnn(-c3ccc(CNc4cnccc4-c4ccccn4)cc3)c2C2CC2)[nH]c1C=CN,156304135
3250,CN1C=CC(=N1)C2=CN(C3=NC=NC(=C23)N)C4=CN=CC(=C4)CNC(=O)NC5=NC(=CC=C5)N6CCC6,Cc1ccc(-c2cc(Cn3c(CN4CCc5c([nH]c6n[nH]c(NN=O)c56)C4)nc(C#N)c3C)[nH]n2)cc1,156296258
3300,CCC1=CC(=C2C=CC(=CC2=N1)OCC3=CC(=CN=C3)N4C=CC5=C(N=CN=C54)N)NCCN(C)C,CC(=Cc1cnc[nH]1)n1nc(CNc2ccccc2CNC(=O)Nc2cccc3c2CCC3)nc1C,156303987
3350,CCNC1=NC2=C(C=CC(=C2)CCC3=CN=CC(=N3)N4C=C(C5=C(N=CN=C54)N)[C@@H]6CCCO6)C=C1,O=C(Nc1cccc(-c2cccnc2)n1)c1nc(NCCC2CCc3c2ccc2c3CCC2)n[nH]1,156304055
3400,CN1C=CC(=N1)C2=CN(C3=NC=NC(=C23)N)C4=CN=CC(=C4)COC5=CC(=C(C=C5)C(=O)N(C)C)N,O=C1CC(c2ccc(C(=O)Nc3ccc4nc(-c5ccc(Cn6cnnc6)nc5)[nH]c4c3)cc2)=NN1,156304167
3450,C1CC(OC1)C2=CN(C3=NC=NC(=C23)N)C4=CN=CC(=C4)CCC5=CC6=C(C=C5)C=CC(=N6)N7CCC7,CCNc1nc(-c2ccccc2C(=O)N2CCCCC2c2cccc(-c3ncc4c(n3)CCC4)c2)n[nH]1,156303961
3500,CCC1=NC2=C(C=CC(=C2)OCC3=CC(=CN=C3)N4C=C(C5=C(N=CN=C54)N)[C@@H]6CCCO6)C(=C1)C,Cc1ncccc1NC(=O)NCc1cnn(C(C)c2ccccc2Oc2ccc3c(c2)CNC3)c1C,156304111
3550,CCNC1=NC2=C(C=CC(=C2)OCC3=CC(=CN=C3)N4C=C(C5=C(N=CN=C54)N)[C@H]6CCCO6)C=C1,Cc1nn[nH]c1C(=O)N(CCC(=O)Nc1ccc(C2NC(C)c3ccccc32)cc1)c1cccnc1,156304153
3600,C1CCC(C1)C2=CN(C3=NC=NC(=C23)N)C4=CN=CC(=C4)COC5=CC6=C(C=C5)C=CC(=N6)N7CCC7,CN=c1ccccn1-c1ccccc1NCc1ccc(NC(=O)Cc2cc(=NC3CC3)[nH]nc2C)cc1,156304007
3650,CC(C)C1=NC2=C(C=CC(=C2)OCC3=CC(=CN=C3)N4C=CC5=C(N=CN=C54)N)C(=C1)N6CCNCC6,Cc1nc(-n2ccc(C=CC(=O)NC(C)c3nc4n(n3)-c3ccccc3CCC4)c2)c2nc[nH]c2c1C,156303947
3700,CCNC1=NC2=C(C=CC(=C2)CCC3=CC(=CN=C3)N4C=C(C5=C(N=CN=C54)N)[C@H]6CCCO6)C=C1,CC1CCCc2cc(NC(=O)c3nc(Nc4ccc5c(c4)CCCN5)n4c(C#N)ccc4n3)ccc21,156304092
3750,CNC1=NC2=C(C=CC(=C2)CCC3=CC(=CN=C3)N4C=C(C5=C(N=CN=C54)N)C6=NN(C=C6)C)C=C1,CC1CN(c2ccccc2Nc2ncccn2)Cc2nc(-c3cccnc3Nc3ccccc3)nn21,156296281
3800,CCC1=CC(=C2C=CC(=CC2=N1)OCC3=CC(=CN=C3)N4C=C(C5=C(N=CN=C54)N)[C@@H]6CCCO6)OC,O=C1Nc2c(cccc2C(=O)NCCc2nnc(-c3cnn(-c4ccccc4)c3)o2)Cc2ccccc21,166633993
3850,C1CC(OC1)C2=CN(C3=NC=NC(=C23)N)C4=CN=CC(=C4)COC5=CC6=C(C=CC(=N6)N7CCC7)N=C5,CCc1ncc(NC(=O)Nn2c(C(C)N3CCc4cn(C)nc4C3)nc3ccccc32)c2c1C=COC2,156304066
3900,CCNC1=NC2=C(C=CC(=C2)CCC3=CC(=CN=C3)N4C=C(C5=C(N=CN=C54)N)[C@@H]6CCCO6)C=C1,CCN1C(=O)c2c(cnc3c(NCc4nc(C)c5ccccc5n4)c[nH]c23)NC1(C)c1ccccc1,166635474
3950,CCC1=CC(=C2C=CC(=CC2=N1)OCC3=CC(=CN=C3)N4C=CC5=C(N=CN=C54)N)N6CCOCC6,Cn1cnc(-c2nc(-c3ccc(NC(=O)c4ccncc4)cc3)ncc2C(=O)Nc2ccccc2)c1,156304137
4000,C1C[C@@H](OC1)C2=CN(C3=NC=NC(=C23)N)C4=CN=CC(=C4)COC5=CC6=C(C=C5)C=CC(=N6)N7CCC7,Cc1cc(CNc2ncccc2C2c3nc4ccccc4nc3CN2C(=O)COc2ccccc2)[nH]n1,156304161
4050,C1[C@@H]([C@H]([C@H]([C@@H]1N2C=C(C3=C(N=CN=C32)N)Cl)O)O)C4=CC5=C(C=C4)C=C(N5)CNCC67CC(C6)(C7)F,C=Cc1c(F)cc2c3c1C=CC(C)NC3CC2NC(=O)NNC(=O)C(C)Nc1cc(Cl)ccc1C#N,163239308
4100,CNC1=NC2=C(C=CC(=C2)OC[C@@H]3[C@H]([C@@H]([C@@H](O3)N4C=C(C5=C(N=CN=C54)N)[C@@H]6CCCO6)F)O)C=C1,CC1=Cc2c(NC(=O)NC3CN(C(=O)Nc4ccncc4)CCC3C)cc3c(c2OC1F)OCCN3,166626031
4150,CNC1=NC2=C(C=CC(=C2)OC[C@@H]3[C@H]([C@@H]([C@@H](O3)N4C=C(C5=C(N=CN=C54)N)C6CCCC6)F)O)C=C1,Cc1cc2c(=O)[nH]c(=Nc3ccc(NC(=O)N4CCCC5(CO)CC45)cc3)[nH]c2cc1CCCNF,156327072
4200,CNC1=NC2=C(C=CC(=C2)OC[C@@H]3[C@H]([C@@H]([C@@H](O3)N4C=C(C5=C(N=CN=C54)N)[C@H]6CCCO6)F)O)C=C1,CC(=O)n1nccc1NC(=O)C1CCC12C(=O)Nc1cccc(NC(=O)Nc3cc(F)ccc3C)c12,156326966
4250,CNC1=NC2=C(N1)C=C(C=C2)OC[C@@H]3[C@H]([C@@H]([C@@H](O3)N4C=C(C5=C(N=CN=C54)N)C6=NN(C=C6)C)F)O,O=C(NCCCC(F)c1cc[nH]n1)N1CCC(C(=O)N(Cc2nnno2)c2cccc3cc[nH]c23)C1,156327008
4300,CNC1=NC2=C(C=CC(=C2)OC[C@@H]3[C@H]([C@H]([C@@H](O3)N4C=C(C5=C(N=CN=C54)N)CC6CCCC6)O)O)C=C1,CCCC1CCC1(C)C(=O)Nc1c(C)cc(NC(=O)Cn2c(=O)[nH]c3n[nH]c(C4CC4)c3c2=O)cc1C,166630927
4350,CNC1=NC2=C(C=CC(=C2)OC[C@@H]3[C@H]([C@H]([C@@H](O3)N4C=C(C5=C(N=CN=C54)N)C6CCCCC6)O)O)C=C1,CCNC(=O)Nc1ccc(NC(=O)NCC2CC2c2ccc3c(c2)CCC(N)C3)c2c1CC(=O)NC2=O,156327791
4400,CN(C)CC1=CN(C2=NC=NC(=C12)N)[C@H]3[C@H]([C@@H]([C@H](O3)COC4=CC5=C(C=C4)C=CC(=N5)N6CCC6)O)F,CCc1cc(F)ccc1-n1cnc(NC(=O)C2CC(=O)N(C3CC(CO)Cc4[nH]c5c(c43)=CCN=5)C2)n1,166634009
4450,CNC1=NC2=C(C=CC(=C2)OC[C@@H]3[C@H]([C@H]([C@@H](O3)N4C=C(C5=C(N=CN=C54)N)C6CCCC6)O)O)C=C1,CC1(NC(=O)Nc2ccc3c(c2)Nc2ccccc2O3)C(=O)NC(C2CCCC2)N(CCCN)C1=O,156296130
4500,CNC1=NC2=C(C=CC(=C2)CC[C@H]3C[C@H]([C@@H]([C@@H]3O)O)N4C=C(C5=C(N=CN=C54)N)C6CCCC6)C=C1,Cc1n[nH]c(CN(Cc2ccc(C3CCCCC3CN)c(O)c2)C(=O)NC(C)c2ccccc2C)n1,166634784
4550,CNC1=NC2=C(C=CC(=C2)OC[C@@H]3[C@H]([C@@H]([C@@H](O3)N4C=C(C5=C(N=CN=C54)N)C6=NN(C=C6)C)F)O)C=C1,Cc1nc(CNC(=O)NCC(CC(C)NC(=O)c2ccc(C)c(F)c2)c2ccc3nn[nH]c3c2)no1,156326992
4600,CN(C)C1=NC2=C(C=CC(=C2)OC[C@@H]3[C@H]([C@H]([C@@H](O3)N4C=C(C5=C(N=CN=C54)N)C6CCCC6)O)O)C=C1,CC(NC(=O)c1ccccc1)C(=O)NCc1ccccc1NC(=O)NC(=O)N1CCC2C(C)C1CN2C,156327005
4650,CNC1=NC2=C(C=CC(=C2)OC[C@@H]3[C@H]([C@@H]([C@@H](O3)N4C=C(C5=C(N=CN=C54)N)C6=CN(C=N6)C)F)O)C=C1,Cc1nc2[nH]c(=O)c(C=NCC(C)N3C(=O)C(C)(c4cccnc4)NC(=O)c4cn[nH]c43)cc2cc1F,156327117
4700,CNC1=NC2=C(O1)C=CC(=C2)OC[C@@H]3[C@H]([C@@H]([C@@H](O3)N4C=C(C5=C(N=CN=C54)N)C6=NN(C=C6)C)F)O,Cn1cc(CNC(=O)C2C=C(c3cnccn3)NN2C(=O)Nc2ccc3c(c2)OC(CF)C3)c(O)n1,166636244
4750,CCC1=CC(=C2C=CC(=CC2=N1)OC[C@@H]3[C@H]([C@@H]([C@@H](O3)N4C=C(C5=C(N=CN=C54)N)C6=NN(C=C6)C)F)O)N,CCC(NC(=O)N=c1[nH]c2nccc(F)c2[nH]1)C(=O)N1CC(CCO)c2cc3c(cc21)CC(C)NC3,164570055
4800,CCN1C=CC(=N1)C2=CN(C3=NC=NC(=C23)N)[C@H]4[C@H]([C@@H]([C@H](O4)COC5=CC6=C(C=C5)C=CC(=N6)NC)O)F,CC1CN(Cc2cnc3cc(-c4ccc(NN=O)[nH]c4=O)ccc3n2)CCN1C(=O)Nc1ccccc1F,156327087
4850,CC1=CC(=NN1C)C2=CN(C3=NC=NC(=C23)N)[C@H]4[C@H]([C@@H]([C@H](O4)COC5=CC6=C(C=C5)C=CC(=N6)NC)O)F,CN(CC(=O)NC1=NC=C(C(N)=O)C1c1noc(-c2ccccc2)n1)C1CCCNc2ccc(F)cc21,156326955
4900,C1CN(C1)C2=NC3=C(C=CC(=C3)OC[C@@H]4[C@H]([C@@H]([C@@H](O4)N5C=C(C6=C(N=CN=C65)N)N7C=CC=N7)F)O)C=C2,CC1CCCN1C(=O)NCc1nc2ccc(NC(=O)C(NO)c3cccc(F)c3)cc2n2ncnc12,156327033
4950,CC1=NC(=CO1)C2=CN(C3=NC=NC(=C23)N)C4=CN=CC(=C4)COC5=CC6=C(C=C5)C=CC(=N6)N7CCC7,CCn1ncc(NC(=O)c2ccc(C(=O)N(C)Cc3cnc4c(C)ccc(C)c4c3)c(-c3cc[nH]n3)c2)n1,156304170
5000,CC1(CCN(CC1)CC2=NC=C(C=C2)C(=O)NC3CCN(CC3)C4=NC=NC(=C4)NCC5=CC=CC=C5)C,C=Cc1nc(CC)cn1-c1ccccc1N1CCC(NC(=O)NCCCc2c3c(nn2CC)CCC3)CC1,166132574
5050,CC1(CCN(CC1)CC2=NC=C(C=C2)NCC3(CCN(CC3)C4=NC=NC(=C4)NCC5=CC=CC=C5)O)C,CCc1ccc(CCc2ccc(C3=NN=CC3=CC=CN(C)CC(=O)Nc3ccc(C#N)cc3)[nH]2)cc1,156587339
5100,CC1=CN=C(C=C1)C2=CN(C3=NC=NC(=C23)N)[C@H]4[C@H]([C@@H]([C@H](O4)COC5=CC6=C(C=C5)C=CC(=N6)NC)O)F,CNCC(CNC(=O)C1=NN2C(=O)Nc3nc(C4c5ccccc54)[nH]c(=O)c3C2(C)C1)c1ccccc1F,156327129
5150,CCNC1=NC2=C(C=CC(=C2)OC[C@@H]3[C@H]([C@@H]([C@@H](O3)N4C=C(C5=C(N=CN=C54)N)C6=CN(C=N6)C)F)O)C=C1,COC1CCN(C)CC1Nc1cc(-n2nc(C=Cc3ccnc(Oc4cccc(F)c4)c3)c(=O)[nH]2)ncn1,166632188
5200,CN1C=CC(=N1)C2=CN(C3=NC=NC(=C23)N)C4=CN=CC(=C4)CCC5=CC6=C(C=C5)C=CC(=N6)N7CCC7,Cc1cccc(CCNc2ccc(-n3nnc(-c4cccc(NC5CCn6c(C)nnc65)c4)n3)c(C)c2)c1,156304097
5250,CN(C)C(=O)C1=CN(C2=NC=NC(=C12)N)[C@H]3[C@H]([C@@H]([C@H](O3)COC4=CC5=C(C=C4)C=CC(=N5)N6CCC6)O)F,CCc1onc2c1C(C=CNC(=O)NCC1CCCN1CCF)N(C(=O)c1cc(-c3ccco3)[nH]n1)C2C,166625726
5300,CN1C=CC(=N1)C2=CN(C3=NC=NC(=C23)N)C4=CN=CC(=C4)CSC5=CC6=C(C=C5)C=CC(=N6)N7CCC7,Cc1c(CN2Cc3cccnc3Nc3nccnc32)sc2nc(CCCCn3ccc4ccccc43)nn12,156304025
5350,CN1C=CC(=N1)C2=CN(C3=NC=NC(=C23)N)C4=CN=CC(=C4)COC5=CC(=C(C=C5)CN6CCOCC6)N,CCc1c(C(=O)Nc2ccc(N(CC(=O)Nc3ccccc3)c3nc[nH]n3)cc2)cc(C)n1-c1cc[nH]n1,156304156
5400,C[C@H]1CCN1C2=NC3=C(C=CC(=C3)OCC4=CC(=CN=C4)N5C=C(C6=C(N=CN=C65)N)C7CCCC7)C=C2,Cc1ccccc1-n1nc(C)c(CCn2nnc(-c3ccc(C(=O)Nc4c(C)cccc4C)cc3)n2)c1C,156303937
5450,CCC1=CC(=C2C=CC(=CC2=N1)OCC3=CC(=CN=C3)N4C=C(C5=C(N=CN=C54)N)C6=NN(C=C6)C)NC,C=Cc1[nH]cc(C)c1C=C(NC(=O)c1nn(-c2ccccc2)c(C)c1Nc1nc(C)n[nH]1)c1ccccn1,156304155
5500,CNC1=NC2=C(C=CC(=C2)OC[C@@H]3[C@H]([C@@H]([C@@H](O3)N4C=C(C5=C(N=CN=C54)N)C6=CCN(CC6)C)F)O)C=C1,C#CCNc1nc(C(NC(=O)N2CCC(C)(C(=O)Nc3ccccc3C(C)N)C2)c2cccc(F)c2)no1,166631555
5550,CN1C=CC(=N1)C2=CN(C3=NC=NC(=C23)N)C4=CN=CC(=C4)COC5=CC6=NC(=NC=C6C=C5)N7CCC7,N#Cc1ccc(-n2ncc(-n3ccc(-c4nc(-c5ccccc5)n[nH]4)n3)c2N=CN2CCC(O)CC2)cc1,156304174
5600,C1C[C@H](OC1)C2=CN(C3=NC=NC(=C23)N)C4=CN=CC(=C4)COC5=CC(=C(C=C5)C(=O)N6CCNCC6)N,CCc1ccc(C)cc1-c1nc(C(=O)N2CCN3C(=O)NC(NC(=O)c4ccccc4)=C(C=N)C3C2)n[nH]1,156304124
5650,CN1C=CC(=N1)C2=CN(C3=NC=NC(=C23)N)C4=CN=CC(=C4)COC5=CC(=C(C=C5)C(=O)N(C)CCO)N,O=C(Nc1ccccc1)Nc1ccc2[nH]c(CCCC(=O)N3CCC(C(=O)Nc4nc[nH]n4)CC3)nc2c1,156304163
5700,C[C@@H]1CCN1C2=NC3=C(C=CC(=C3)OCC4=CC(=CN=C4)N5C=C(C6=C(N=CN=C65)N)C7CCCC7)C=C2,Cc1noc(C(C)Nc2ccc(CNc3nc4c(c(-c5ccc(C#N)cc5)n3)CCC4)c3ccccc23)n1,156304019
5750,CCC1=CC(=C2C=CC(=CC2=N1)CCC3=CC(=CN=C3)N4C=C(C5=C(N=CN=C54)N)C6=NN(C=C6)C)NC,CCn1nc(CN2CCN(c3ccccn3)CC2)nc1-c1cccc(Nc2ccccc2-c2c[nH]cn2)c1,156304018
5800,CNC1=NC2=C(C=CC(=C2)OCC3=CC(=CN=C3)N4C=C(C5=C(N=CN=C54)N)C6CCC(CC6)(F)F)C=C1,CC(=CC=C(c1ccc(-c2nnncc2NC(=O)c2cnn(-c3ccccc3N)c2)cc1)C(F)F)C(C)C,156304051
5850,CCC1=CC(=C2C=CC(=CC2=N1)OCC3=CC(=CN=C3)N4C=CC5=C(N=CN=C54)N)N6CCC(CC6)(F)F,Cc1ccc(F)cc1-c1ncccc1CNc1ccc(F)cc1C1CC(=O)Nc2c1c(C)nc1ncnn21,156303994
5900,C1C[C@@H](OC1)C2=CN(C3=NC=NC(=C23)N)[C@H]4[C@H]([C@@H]([C@H](O4)COC5=CC6=C(C=C5)C=CC(=N6)N7CCC7)O)F,Cc1ccc(F)cc1NC(=O)C1=Cc2ncccc2C1NC(=O)C1CN2C(=O)N(C3CCC3)CC2C(=O)N1,166627194
5950,C1CN(C1)C2=NC3=C(C=CC(=C3)OC[C@@H]4[C@H]([C@@H]([C@@H](O4)N5C=C(C6=C(N=CN=C65)N)C7=NC=CO7)F)O)C=C2,COc1nc(-c2[nH]ncc2C=Cc2ccc(-n3cc(C(=O)NC4CCCC4CO)cn3)nc2)ccc1F,156327156
6000,CNC1=NC2=C(C=CC(=C2)OC[C@@H]3[C@H]([C@@H]([C@@H](O3)N4C=C(C5=C(N=CN=C54)N)C6CCN(CC6)C)F)O)C=C1,CCNC1=C2C3CC(C2C=C3F)C(C)C1OC(=O)c1ccccc1NC(=O)NCc1nnc2ncccn12,156327090
6050,CN1C=CC(=N1)C2=CN(C3=NC=NC(=C23)N)[C@H]4[C@H]([C@@H]([C@H](O4)COC5=CC6=C(C=C5)SC(=N6)N7CCC7)O)F,CC1=CC(C(=O)N2C=C(C(C)NC(=O)Nc3ccc4c(c3)c(=O)[nH]c3cscc34)c3n[nH]cc3C2)N=N1,156326973
6100,C1CCC(C1)C2=CN(C3=NC=NC(=C23)N)[C@H]4[C@H]([C@@H]([C@H](O4)COC5=CC6=C(C=C5)C=CC(=N6)N7CCC7)O)F,O=C(Nc1ccc(NC(=O)N2CCc3ccc4c(c32)CCC4)c(F)c1)NC1CCC(n2cnccc2=O)C1,166631854
6150,CCNC1=NC2=C(C=CC(=C2)OC[C@@H]3[C@H]([C@@H]([C@@H](O3)N4C=C(C5=C(N=CN=C54)N)C6=NN(C=C6)C)F)O)C=C1,Cc1nc(-c2nc3nc(CC4(C)NC(=O)c5cc6c(cc5NC4=O)C=CCO6)nn3c(C)c2N)ccc1F,156327792
6200,CC1=NC(=CC=C1)C2=CN(C3=NC=NC(=C23)N)[C@H]4[C@H]([C@@H]([C@H](O4)COC5=CC6=C(C=C5)C=CC(=N6)NC)O)F,CC=CC1Nc2cc(NC(=O)NCc3cccc(CN4C(=O)NCC4C)c3)nn2C(c2cccc(F)c2)O1,156327047
6250,CN1C=CC(=N1)C2=CN(C3=NC=NC(=C23)N)[C@H]4[C@H]([C@@H]([C@H](O4)COC5=CC6=C(C=C5)C=CC(=N6)N(C)CCO)O)F,CC1(CNC(=O)c2ccc(NC(=O)c3nc4c([nH]3)CCC(COCC#N)C4)cc2)CCc2n[nH]c(=O)n2C1,156326985
6300,CN1C=CC(=N1)C2=CN(C3=NC=NC(=C23)N)C4=CN=CC(=C4)COC5=CC(=C(C=C5)CN6CCC(CC6)CO)N,Cc1ccc(CCCNC(=O)Nc2ccc(C(=O)c3cn[nH]c3N)c(-c3cnncc3-c3ccn(C)n3)c2)cc1,156304053
6350,CC1=NN(C=C1)C2=CN(C3=NC=NC(=C23)N)[C@H]4[C@H]([C@@H]([C@H](O4)COC5=CC6=C(C=C5)C=CC(=N6)N7CC(C7)N)O)F,Cc1onc(-c2c[nH]c(C(=O)Nc3cc(F)cc4c3C=NC4)c2)c1NC(=O)Nc1ccnc(N2CCCC2C)n1,156730085
6400,CN1C=CC(=N1)C2=CN(C3=NC=NC(=C23)N)C4=CN=CC(=C4)CS(=O)(=O)C5=CC6=C(C=C5)C=CC(=N6)N7CCC7,CCc1c(NC(=O)c2nc3c(=Cc4cnc(N)s4)c4ccc(C(=O)NC)cc4n3n2)cnn1-c1ccc(C)cc1,156296268
6450,CN1C=CC(=N1)C2=CN(C3=NC=NC(=C23)N)C4=CN=CC(=C4)COC5=C(C=CC(=C5)F)C(=O)NC6CCOCC6,CNc1cc(F)ccc1-n1c(COC)nnc1-c1cnc(C)c(NC(=O)NCC(=O)N2CCc3ccccc32)c1,156304083
6500,CN1C=CC(=N1)C2=CN(C3=NC=NC(=C23)N)[C@H]4[C@H]([C@@H]([C@H](O4)COC5=CC6=C(C=C5)C=CC(=N6)N7CC(C7)O)O)F,Cc1ccc(-c2cccc(F)c2)c(NC(=O)N2CC(C(=N)N3CC(O)CCC3=O)N(Cc3cc(N)[nH]n3)C2=O)c1,156326965
6550,COC1=CC=CC=C1C2=CN(C3=NC=NC(=C23)N)C4=CN=CC(=C4)COC5=CC6=C(C=C5)C=CC(=N6)N7CCC7,C=CCn1nnc2cc(C(=O)Nc3cccc(Cc4ccc(NC(=O)c5nn(CC)cc5C)cc4)c3)ccc21,166636481
6600,CCC1=CC(=C2C=CC(=CC2=N1)OCC3=CC(=CN=C3)N4C=C(C5=C(N=CN=C54)N)[C@@H]6CCCO6)N(C)C7CC7,CC=C1CCc2c1cn(CC(CCOc1cccc3c(C)n(C)cc13)CNC(=O)c1cnc3[nH]ncc3n1)c2C,156304123
6650,CC1(COC(=N1)C2=CN(C3=NC=NC(=C23)N)[C@H]4[C@H]([C@@H]([C@H](O4)COC5=CC6=C(C=C5)C=CC(=N6)N7CCC7)O)F)C,O=C(CCn1c(=O)[nH]c2c(c1=O)=C1CCCC1N=2)Nc1ncccc1C(=O)Nc1ccc(C2CCCN2)cc1F,166635480
6700,CCC1=CC(=NC2=C1C(=CC(=C2)OCC3=CC(=CN=C3)N4C=C(C5=C(N=CN=C54)N)C6CCCO6)F)N7CCC7,Cc1ccc(CF)c(C)c1NC(C)(C)c1nc2n(c(=O)c1N=Cc1c3ccccc3n3cccnc13)CC(=O)N2,156304052
6750,CN1C=CC(=N1)C2=CN(C3=NC=NC(=C23)N)[C@H]4[C@H]([C@@H]([C@H](O4)COC5=CC6=C(C=C5)C=CC(=N6)NC7CNC7)O)F,CNCCC1(c2ccccc2O)CN(C(=O)C2NC(=O)N(c3ccc(F)cc3)N=C2C)CCC1Nc1nc[nH]n1,156327154
6800,CCC1=CC(=C2C(=N1)C=C(C=N2)OCC3=CC(=CN=C3)N4C=C(C5=C(N=CN=C54)N)[C@H]6CCCO6)NCCOC,CCNCCc1occc1CN(c1ccc(N(C)C(=O)c2ccn[nH]2)c(C)n1)C1CCc2cccnc2NC1=O,156304064
6850,CCC1=CC(=C2C=CC(=CC2=N1)OCC3=CC(=CN=C3)N4C=C(C5=C(N=CN=C54)N)[C@H]6CCCO6)NCCOC,Cc1ccc(-n2cnnc2)cc1NC(=O)NCC(=O)Nc1cccc(C(C)N2CCCC2=O)c1-c1ccccc1,156304152
6900,CN1C=CC(=N1)C2=CN(C3=NC=NC(=C23)N)C4=CN=CC(=C4)COC5=CC6=C(C=C5)C=CC(=N6)N7CCOCC7,CC(C)(C)c1ncc2c(n1)n1nc(-c3ccc(N)nc3)cc1c(=O)n2CCc1ccc2c(c1)ncn2CCCO,156304067
6950,CCC1=CC(=C2C=CC(=CC2=N1)OCC3=CN=CC(=N3)N4C=C(C5=C(N=CN=C54)N)[C@@H]6CCCO6)N(C)C7CC7,CN=Cc1cn(-c2ccc(Oc3cccc(NC(=O)NC4CN=C(C)n5ccnc54)c3)cn2)c2ccc(C)cc12,156304033
7000,CN1C=CC(=N1)C2=CN(C3=NC=NC(=C23)N)C4=CN=CC(=C4)COC5=CC(=C(C=C5)C(=O)NC6CCOCC6)N,Cc1nc(N)c(C(=O)Nc2ccc(C(=O)Nc3cc(C#N)cc(-n4cccc4)c3)cc2)c(-c2ccc(=O)[nH]n2)n1,156304044
7050,CCC1=CC(=C2C=CC(=CC2=N1)OCC3=CC(=CN=C3)N4C=C(C5=C(N=CN=C54)N)[C@@H]6CCCO6)NCCOC,C=CC(=CC)n1c(C)nc(C)c(NC(=O)N(CCC(=O)Nc2ccccc2)c2cc(-c3ccccc3)[nH]n2)c1=O,156304056
7100,CN1C=CC(=N1)C2=CN(C3=NC=NC(=C23)N)C4=CN=CC(=C4)COC5=CC6=C(C=C5)C=CC(=N6)N7CC8(C7)CC8,CC1CCN(c2nc(Nc3ccc4ccccc4c3)nc3nnc(NCc4nc5c(c(=O)[nH]4)=CCC=5)cc23)CC1,156304069
7150,CN1C=CC(=N1)C2=CN(C3=NC=NC(=C23)N)C4=CN=CC(=C4)COC5=CC6=C(C=C5)C=CC(=N6)N7CCCC7=O,CCc1cccc(-c2ncc3ccc(-c4nc(CCNC(=O)Nc5ccccc5-n5cncn5)no4)cc3n2)c1,156304145
7200,CN1C=CC(=N1)C2=CN(C3=NC=NC(=C23)N)C4=CN=CC(=C4)COC5=CC6=C(C=C5)C=CC(=N6)C7CCOCC7,COc1ccc2cc(-n3nc(C)c(CC(=O)Nc4c(-c5ccccc5)n[nH]c4Nn4ccnc4)c3C)ccc2c1,156304043
7250,CN1C=CC(=N1)C2=CN(C3=NC=NC(=C23)N)C4=CN=CC(=C4)COC5=CC6=C(C=C5)C=CC(=N6)N7CC(C7)(F)F,Cc1ccc(-n2ncnc2-n2cnnc2C2CCN(C(=O)Nc3c(C#N)c(F)cc4cc(F)ccc34)CC2)cc1,156304159
7300,CCC1=CC(=C2C(=N1)C=C(C=N2)OCC3=CC(=CN=C3)N4C=C(C5=C(N=CN=C54)N)[C@@H]6CCCO6)NCCOC,CCC(CN(C(=O)c1cc2c(c(NCC(C)C)c1)COC2)c1cn[nH]c1)Cn1ncc2c1Cc1ccnn1C2=O,156304070
7350,CCC1=CC(=NC2=C1C(=CC(=C2)F)OCC3=CC(=CN=C3)N4C=C(C5=C(N=CN=C54)N)C6CCCO6)N7CCC7,CN=C1Nc2ccccc2C2C(C(=O)N(CCC(=O)Nc3ccc4ncn(C)c4c3)c3cccc(F)c3)CCN12,156304054
7400,CNC1=NC2=C(C=CC(=C2)OC[C@@H]3[C@H]([C@H]([C@@H](O3)N4C=C(C5=C(N=CN=C54)N)C6=NN(C=C6)C7CCC7)O)O)C=C1,Cc1ccc(C(NC(=O)Nc2cccc(NC(=O)Cc3ccc(C)c(C)c3)c2)c2nn3c(=O)[nH]c(=O)n3[nH]2)cc1,166626089
7450,CN1C=CC(=N1)C2=CN(C3=NC=NC(=C23)N)[C@H]4[C@H]([C@@H]([C@H](O4)COC5=CC6=C(C=C5)C=CC(=N6)N7CC(C7)N)O)F,CC1C(O)CC2=CCNC(=N2)CN(C)C(=O)CCN1C(=O)Nc1cc(-c2nc(-c3ccc(F)cc3)n[nH]2)ccn1,156327142
7500,CNC1=NC2=C(C=CC(=C2)OC[C@@H]3[C@H]([C@@H]([C@@H](O3)N4C=C(C5=C(N=CN=C54)N)C6=NN(C=C6)C7COC7)F)O)C=C1,NC(=O)C1CNCCN1C(=O)Nc1cc(C(=O)N2CCc3c(C4CCOC4F)n[nH]c3C2)ccc1-n1cccc1,164570047
7550,CCC1=CC(=C2C=CC(=CC2=N1)OC[C@@H]3[C@H]([C@@H]([C@@H](O3)N4C=C(C5=C(N=CN=C54)N)C6=NN(C=C6)C)F)O)N(C)C,CCC1CCCN1C(=O)Nc1ccc(-n2ncc3nccnc32)c(C(=O)N2CC3C(C)C2CC(=O)N3CCF)c1,156326993
7600,CC1=NN(C=C1)C2=CN(C3=NC=NC(=C23)N)[C@H]4[C@H]([C@@H]([C@H](O4)COC5=CC6=C(C=C5)C=CC(=N6)N7CC(C7)O)O)F,CCOC1CCNCC1c1nn[nH]c1C(=O)Nc1cccc(-c2nnc(N(C)C(=O)c3ccccc3C)o2)c1,156326946
7650,CN1C=CC(=N1)C2=CN(C3=NC=NC(=C23)N)[C@H]4[C@H]([C@@H]([C@H](O4)COC5=CC6=C(C=C5)C=CC(=N6)NC7CCC7)O)F,CNC(=O)CC(C)c1nnc2ccc(NC(=O)NCCN3C(=O)c4ccccc4NC3c3ccccc3F)cn12,156327144
7700,CN1C=CC(=N1)C2=CN(C3=NC=NC(=C23)N)[C@H]4[C@H]([C@@H]([C@H](O4)CCC5CCNCC5)O)F,Cc1nc(-c2ccccc2)nn1-c1nc(CCN)c(F)nc1C(O)C1CCCCO1,166636528
7750,CNC1=NC2=C(C=CC(=C2)CCC3=CC(=CN=C3)N4C=C(C5=C(N=CN=C54)N)Cl)C=C1,CC(C)(C)n1cc(-c2ccc(CCCNc3ccc(Cl)c(-c4nc[nH]n4)c3)cc2)nn1,166039026
7800,CNC1=NC2=C(C=CC(=C2)CCC3=CC(=CN=C3)N4C=CC5=C(N=CN=C54)N)C=C1,Nc1cnn(-c2ccc(CNc3nc4c(c(-c5ccccc5)n3)CNCC4)cc2)c1,166039032
7850,CNC1=NC2=C(C=CC(=C2)COC3=CN=CC(=C3)N4C=CC5=C(N=CN=C54)N)C=C1,CCNc1ccc(Nc2nc3[nH]nc(-c4ccc(OC5CCCC5)cc4)n3n2)cc1,156296245
7900,CC1=NC(=CC(=O)N1C)C(=O)NCC2=CN3C=C(C=CC3=N2)CNCC4CCCCC4,O=C(NCc1cccnn1)c1ccccc1CN1CCN(c2ccccc2)CNC1=O,163239057
7950,CNC1=NC2=C(C=CC(=C2)CNC3=CC(=CC=C3)N4C=C(C5=C(N=CN=C54)N)Br)C=C1,CNCc1ccc(Br)c2nc(N)nc(Nc3ccc4c(n3)CCN4c3ccccc3)c12,156303957
8000,C1CC(C1)CNCC2=CC3=C(N2)C=C(C=C3)CC4=CN(N=N4)C5CCCC6C5CNN6,CC(Nc1ccc(CCCn2cnnc2)cc1)c1ccc2c(c1)C(C1CC1)NC(=N)N2,168489999
8050,C1CC(C1)CNCC2=CC=C(C=C2)[C@H]3C[C@H]([C@@H]([C@@H]3O)O)N4C=C(C5=C(N=CN=C54)N)Br,Cc1ccccc1NC1=NC(N)=C(C(=O)N2CC(C)C(O)C2)C1c1cc(Br)ccc1N,163239293
8100,CNC1=NC2=C(C=CC(=C2)OCC3=CC(=CC=C3)C4=CNC5=C4N=CN=C5N)C=C1,O=C(NCc1nc2ccccc2n1Cc1ccccc1)Nc1ccc2c(c1)NNC2,166039017
8150,C1CC(C1)CNCC2=CC3=C(N2)C=C(N=C3)CNC(=O)C4=CC(=O)N5C=CC=CC5=N4,CC(=O)NCc1nc(C=Nc2ccc(O)cn2)n(-c2ccc(-c3ccccc3)cc2)n1,156461758
8200,CC(C)CNCC1=CC2=C(N1)C=C(C=C2)CNC(=O)C3=CC(=O)N4C=CC=CC4=N3,CCn1cc(C(C)NC(=O)Nc2ccccc2C=Cc2cc(O)ccc2C#N)cn1,156461783
8250,C#CCNCC1=CC2=C(N1)C=C(C=C2)CNC(=O)C3=CC(=O)N4C=CC=CC4=N3,CC(C)C(NC=O)c1nnc(N=C2c3ccccc3-c3ccccc32)n1CCO,156748886
8300,CC(C)(C)CNCC1=CC2=C(N1)C=C(C=C2)CNC(=O)C3=CC(=O)N4C=CC=CC4=N3,Cc1ccc(NCCn2c(=O)[nH]c3ccccc3c2=O)c(Nc2ccc(C#N)cc2)c1,156461968
8350,C1CC(C1)CNCC2=CC3=C(N2)C=C(C=C3)CC4=NC(=NO4)C5=C6C=NNC6=CC=C5,N#Cc1ccccc1-c1ccc2[nH]nc(CCC(=O)Nc3[nH]nc4c3CCCC4)c2c1,156461683
8400,C1CC(C1)CNCCC/C=C/[C@@H]2[C@H]([C@H]([C@@H](O2)N3C=C(C4=C(N=CN=C43)N)Br)O)O,CC(N)CNC1(C)CCCC12NC(=O)N(CCC(=O)Nc1cccc(Br)c1)C2=O,171400787
8450,C1=CC2=C(C=C1OC[C@@H]3[C@H]([C@@H]([C@@H](O3)N4C=C(C5=C(N=CN=C54)N)Br)F)O)NC(=N2)N,CC1=C(C(=O)Nc2cn[nH]c2C(=N)N)Nc2ccncc2C1C(=O)OC(C)C(F)Br,166632426
8500,C1CC(C1)CNCC2=CN3C=C(N=C3C=C2)CNC(=O)C4=CC=CC5=CN=CN54,O=C(N=c1[nH]nc(C=Cc2ccccc2)n1Cc1ccccn1)c1ccncc1,163239192
8550,CNC1=NC2=C(C=CC(=C2)OCC3=NN=C(S3)N4C=C(C5=C(N=CN=C54)N)Cl)C=C1,CCNN=c1nc2[nH]ccc3c(Nc4nc(=O)n5ccccc5n4)cc(Cl)c(s1)c23,156303968
8600,C1CC(C1)CNCC2=CC3=C(N2)C=C(C=C3)CNC(=O)C4=CC(=O)N5C=CC=CC5=N4,O=C(CCNC(=O)c1cccc(C=Nc2ccncc2)c1)Nc1cccc(C2CC2)n1,156442379
8650,C1=CC=C(C=C1)CNC/C=C/CC[C@@H]2[C@H]([C@H]([C@@H](O2)N3C=C(C4=C(N=CN=C43)N)Br)O)O,CCC(CBr)Nc1ccc(C(O)CC(=O)Nc2ccc(-n3cn[nH]c3=O)cc2)cc1C,163239272
8700,C1CC(C1)CNCC2=CC3=C(N2)C=C(C=C3)CN4C=C(N=N4)C5=C6C=NNC6=CC=C5,CC(N)Nc1nn(C)c2ccc(NCc3nn(-c4ccccc4)c4ccccc34)cc12,156461753
8750,C1CCNC(C1)C2=CC3=C(N2)C=C(C=C3)CNC(=O)C4=CC(=O)N5C=CC=CC5=N4,N#Cc1ccc(CNc2cc(NC(=O)C3CC=CCC3)cc3c(=O)[nH]cnc23)cc1,156461690
8800,C1CC(C1)CNCC2=CN3C=C(N=C3C=C2)CNC(=O)C4=CC5=C(C=C4)NC=C5,CCNc1ccc(NC(=O)c2cc(-c3ccccc3)n[nH]2)c(-c2ccccc2)n1,163239096
8850,CNC1=NC2=C(C=CC(=C2)OC[C@@H]3[C@H]([C@H]([C@@H](O3)N4C=NC5=C(N=CN=C54)N)O)O)C=C1,CC(C#N)(CO)C(O)c1ccc(NC(=O)c2ccc(-c3nnc4n3C(=O)CN4)[nH]2)cc1,166626520
8900,C1CC(C1)CNCC2=CN3C=C(N=C3C=C2)CNC(=O)C4=CC5=C(N=C4)N=CN5,Cc1cnc2c(NC(=O)Nc3ccccc3)c(CCc3cn[nH]c3)nn2c1C,163239157
8950,C1CC(C1)CNCC2=CC3=C(N2)C=C(C=N3)CN4C=C(N=N4)C5=C6C=NNC6=CC=C5,CC=CC=CC=C(Nc1nc2[nH]nc(C(C)C)c2[nH]1)n1nc(-c2ccccc2)nc1C,156442234
9000,C1CC(C1)CNCC2=CC3=C(N2)C=C(C=C3)CC4=CN(N=N4)C5=CC=CC6=C5C=NN6,Cc1ccc(-c2cc(-c3ccc(NCCn4nnc5ccccc54)cc3)[nH]n2)cn1,156461785
9050,C1CC(C1)CNCC2=CC3=C(N2)C=C(N=C3)CN4C=C(N=N4)C5=C6C=NNC6=CC=C5,Cc1cc(Cn2ccc(CNc3ccnc4ncccc34)n2)nc(-c2c[nH]c(C)c2)n1,156442378
9100,C1CC(C1)CNCC2=CC3=C(N2)C=C(C=C3)CNC(=O)C4=CN=C5C(=C4)C=CN5,Cc1ccccc1-c1cc(CN(C(=O)C=Cc2ccn[nH]2)c2ccccc2)[nH]n1,156442185
9150,C1CC(C1)CNCC2=CC3=C(N2)N=C(C=C3)CNC(=O)C4=CC(=O)N5C=CC=CC5=N4,CN(CCCO)C(=O)Nc1ccc2[nH]c(-c3ccc4c(cnn4CC4CC4)c3)nc2c1,156461681
9200,CC1=C(C2=C(N1)C(=NC=N2)N)C3=CN=CC(=C3)COC4=CC5=C(C=C4)C=CC(=N5)NC,O=C(Nc1cnn(-c2cccc(-c3ccc4ncccc4n3)c2)c1)NC1CCCNC1,156304089
9250,CNC1=NC2=C(C=CC(=C2)OCC3=CC(=CN=C3)C4=CNC5=C4N=CN=C5N)C=C1,Cc1c(-c2ccc(NC(=O)c3cc(N)[nH]n3)cc2)cnn1-c1ccc(CC#N)cc1,156296234
9300,C1CC(C1)CNCC2=CN3C=C(N=C3C=C2)CNC(=O)C4=CN=C5C(=C4)C=CN5,CC(CCO)c1nc(-c2ccc(Nc3nccc(-c4ccccc4)n3)cc2)n[nH]1,163239067
9350,CN1C=CC2=CC(=CN=C21)C(=O)NCC3=CN4C=C(C=CC4=N3)CNCC5CCC5,Cc1cccc(-c2ccc(-c3n[nH]c(=O)nc3NCc3nc(C)cc(C)n3)cc2)c1,163239138
9400,C1C2(CC1(C2)F)CNCCC/C=C/[C@@H]3[C@H]([C@H]([C@@H](O3)N4C=C(C5=C(N=CN=C54)N)Br)O)O,O=c1[nH]c(=O)n(CC2CCc3ccccc3C2NC2CCC(CNC(F)Br)C2)c(=O)[nH]1,163239232
9450,C1[C@@H]([C@H](O[C@H]1N2C=C(C3=C(N=CN=C32)N)Br)/C=C/CCCNCC45CC(C4)(C5)F)O,NC(=O)CC=C1N=C(NC(=O)Br)C(CF)=CCC=CC2CCC(CC2)c2nc1c[nH]2,163239314
9500,CC(C)(C)CNCC1=CC2=C(N1)C=C(C=C2)CNC(=O)C3=CN=C4C(=C3)C=CN4,Cc1cc(CCc2c[nH]c3c(-c4cccc(C#N)c4)c(C)nn23)cc(C=O)c1N,156442187
9550,CC1CCN1CC2=CC3=C(N2)C=C(C=C3)CNC(=O)C4=CC(=O)N5C=CC=CC5=N4,C=c1[nH]cc(C2CC(=Nc3nc(-c4cccc5ccccc45)n[nH]3)CC(=O)O2)c1=C,156461629
9600,C1CC1CNCC2=CC3=CC(=C(C=C3N2)CNC(=O)C4=CC(=O)N5C=CC=CC5=N4)F,Cc1ccc2c(=NNC(=O)Cc3ccccc3)[nH]c(=O)n(CCc3cccc(F)c3)n12,156461961
9650,C1CC(C1)CNCC2=CC3=C(N2)C=C(C=C3)CN4C=C(N=C4)C5=C6C=NNC6=CC=C5,C=CC=Cc1n[nH]c2nc(-c3ccc(-c4ccccc4)c(NCC(C=C)=CC)c3)nn12,156461697
9700,C1=CC=C(C=C1)CNCCC/C=C/[C@@H]2[C@H]([C@H]([C@@H](O2)N3C=C(C4=C(N=CN=C43)N)Br)O)O,CNc1ccc(C(NC(=O)NC2CCC(N)C2)C(=O)Nc2ccc(OC)cc2)cc1Br,163239304
9750,C1CC(C1)CNCC2=CC3=C(N2)C=C(C=C3)CN4C=C(N=N4)C5=CN=C6C(=C5)C=CN6,C=Cc1c(-c2cn[nH]c2Nc2ccc3c(c2)CCCN3Cc2c[nH]cn2)ccnc1C,156442372
9800,C1CC(C1)CNCC2=CN3C=C(N=C3C=C2)CNC(=O)C4=CC=CN5C4=CN=C5,Cc1ccc(-c2n[nH]c(=NC(=O)C=Cc3ccc(-n4ccc(C)n4)cc3)[nH]2)cc1,163239121
9850,C1CC(C1)CNCC2=NC3=C(N2)C=C(C=C3)CNC(=O)C4=CC(=O)N5C=CC=CC5=N4,CNC(=O)c1ccc(N(Cc2cccnc2)C(=O)C=Cc2cnc3cc[nH]c3n2)cc1,156442178
9900,C1=CC2=C(C=C1OCC3=CC(=CN=C3)N4C=CC5=C(N=CN=C54)N)NC=CC2=O,Cc1nc2cc(NC(=O)NC3=Nc4ccccc4-c4ccccc4N3)cnc2o1,156303991
9950,C1CC1NCC2=CC3=C(N2)C=C(C=C3)CN4C=C(N=N4)C5=C6C=NNC6=CC=C5,Nc1cnn(Cc2ccc3nc(Nc4cc(-c5ccccc5)ccn4)[nH]c3c2)c1,156442159
10000,CNC1=NC2=C(C=CC(=C2)OCC3=CC(=CC=C3)N4C=C(C5=C(N=CN=C54)N)Br)C=C1,Cc1ccc(NC(=O)Nc2ccc(C)c(Nc3nnc4cc(Br)ccc4n3)c2)c(C)c1,166039047
10050,CNC1=NC2=C(C=CC(=C2)OCC3=CC(=CC=C3)N4C=CC5=C(N=CN=C54)N)C=C1,Cc1cc(C)c(C)c(NC(=O)Nc2cccc(-c3nncn3-c3ccncc3)c2)c1,156303978
10100,CC1=CC(=C2C=CC(=CC2=N1)OCC3=CC(=CC=C3)N4C=CC5=C(N=CN=C54)N)N,Cc1ccccc1NC(=O)CNc1[nH]ncc1-c1ccc2ccc3cc[nH]c3c2n1,156304114
10150,C1C2CC1N(C2)CC3=CC4=C(N3)C=C(C=C4)CNC(=O)C5=CC(=O)N6C=CC=CC6=N5,CCCC1CCCc2cc(C=c3onc4c(=Cc5cnn(C)c5)nccc34)c(=O)[nH]c21,156461717
10200,C1COCCN1CC2=CC3=C(N2)C=C(C=C3)CNC(=O)C4=CC(=O)N5C=CC=CC5=N4,O=C(CN1CCN(c2n[nH]cc2C(=O)Nc2ccccc2)CC1)OCc1ccccc1,156461718
10250,CN(C)CC1=CC(=CC=C1)OC[C@@H]2[C@H]([C@@H]([C@@H](O2)N3C=C(C4=C(N=CN=C43)N)Br)F)O,CCn1ccnc(NC(=O)C(=O)Nc2ccc3c(c2)C(C(F)Br)C(CN)CC3)c1=O,166636006
10300,C1COCCN1CCC/C=C/[C@@H]2[C@H]([C@H]([C@@H](O2)N3C=C(C4=C(N=CN=C43)N)Br)O)O,Cc1c(N)cc(Br)cc1NC(=O)C(=O)NC1CC(=O)N(C2CCCCC2O)C1,163239227
10350,C1CC(C1)CNCC2=CN3C=C(N=C3C=C2)CNC(=O)C4=CN=C5C(=N4)C=CN5,CCn1ncc(C(=O)Nc2ccc(-c3ccccc3)c(Nc3nc[nH]n3)c2)c1C,163239141
10400,C1CC(C1)CNCC2=CC3=C(N2)C=C(C=C3)CN4C=C(N=N4)C5=CC=CN6C5=CN=C6,Cc1cccc(Nc2nc(Nc3ncc4c(n3)CCC4)nc(-c3ccccc3C)n2)c1,156442186
10450,CNC1=NC2=C(C=CC(=C2)OCC3=CN=CC(=N3)N4C=C(C5=C(N=CN=C54)N)Cl)C=C1,CC=C(C=NCl)c1ccc(-c2nc(CN(C)C(=O)c3nc4ccccc4[nH]3)n[nH]2)cn1,156304078
10500,CNC1=NC2=C(C=CC(=C2)OCC3=CN=CC(=N3)N4C=CC5=C(N=CN=C54)N)C=C1,CNCc1cccc(N)c1NC(=O)c1cccc(-c2nc(C)n3nc(C)nc3n2)c1,156303985
10550,C1CC(C1)CNCC2=CC3=C(N2)C=C(N=C3)CN4C=C(N=N4)C5CCCC6C5CNN6,CCC(C)Nc1n[nH]c2c(N=C3NCC4N=CCCN34)nc(-c3ccc(C)cc3)cc12,168489994
10600,C1CC(C1)CNCC2=CC3=C(N2)C=C(C=C3)CN4C=C(N=N4)C5CCCC6C5NNC6,NC1CN=C(c2cc3c(cc2CNc2ccc(C=NC4=NCCCN4)cc2)CCC3)N1,168489995
10650,C1CCC(CC1)CNCC2=CN3C=C(N=C3C=C2)CNC(=O)C4=C5C=NNC5=NC=C4,CCc1[nH]ncc1N1CC(c2nnc(-c3ccccc3)n2-c2ccc(N)cc2)CC1=O,163239047
10700,C1CC(C1)CNCC2=CN3C=C(N=C3C=C2)CN4C=C(N=N4)C5=CC=CN6C5=CN=C6,CCc1ncnc(C=Cc2cc(-c3nc4ccccc4n3C)ccc2-n2cncn2)n1,163239115
10750,C1CC(C1)CNCC2=CN3C=C(N=C3C=C2)CN4C=C(N=C4)C5=CN=C6C(=C5)C=CN6,Cc1c[nH]c2ccc(CNc3ncnn3-c3ccc(C=Cc4ccccc4)nn3)cc12,163239044
10800,COC1=CN=CC(=C1)C2=CN(N=N2)CC3=CC4=C(C=C3)C=C(N4)CNCC5CCC5,CN=c1ccc2ncc(CNc3ccc(Oc4cccc(CC#N)c4)cc3)nc2[nH]1,156442368
10850,C1CC(C1)CNCC2=CC3=C(N2)C=C(C=N3)CNC(=O)C4=CC(=O)N5C=CC=CC5=N4,CCc1ccc(-c2n[nH]c(C3CCN(Cc4cc[nH]c(=O)c4C(=O)NC)CC3)n2)cc1,156461672
10900,CC1=CC(=C2C=CC(=CC2=N1)OCC3=CC(=CN=C3)N4C=CC5=C(N=CN=C54)N)N,Cc1ccc(-n2nc(-c3ccnc(Nc4cccc(N)c4C(N)=O)c3)nc2C)cc1,166039051
10950,C1=CC(=CC2=NC(=C(C=C21)Br)N)OCC3=CC(=CN=C3)N4C=CC5=C(N=CN=C54)N,CCc1ccc(-c2[nH]ncc2-c2cc(C(=O)Nc3ccc(NC)c(Br)c3)[nH]n2)cn1,156304150
11000,CNC1=NC2=C(C=CC(=C2)OCC3=CC(=CC=C3)N4C=C(C5=C(N=CN=C54)N)Cl)C=C1,Cc1cc(NNC(=O)Nc2ccc(-c3ccncc3)cc2Cl)ccc1-c1c[nH]nc1C,156303990
11050,CNC1=NC2=C(C=CC(=C2)OCC3=CC(=CN=C3)N4C=CC5=C(N=C(N=C54)N)N)C=C1,Cc1ncccc1Nc1cncc(-n2nc(C)c(NC(=O)Nc3ccccc3)c2N)c1,156304110
11100,CC1=CN(C2=NC=NC(=C12)N)C3=CN=CC(=C3)COC4=CC5=C(C=C4)C=CC(=N5)NC,COc1c(C#N)cc(C)cc1-c1cnnc(-c2ccc(Nc3ccncc3N)cn2)c1,156304080
11150,CNC1=NC2=C(C=CC(=C2)OCC3=CC(=CN=C3)N4C=CC5=C(N=CN=C54)N)C=C1,C=c1cc(C)c(Nc2ccc(NC(=O)c3ccn(Cc4ccn[nH]4)n3)cc2)nc1=C,156304107
11200,CNC1=NC2=C(C=CC(=C2)OCC3=CC(=NC=N3)N4C=C(C5=C(N=CN=C54)N)Cl)C=C1,CCCc1cc(-c2nc(-n3nc(C)c(-c4nc(C)c(C#N)cc4O)n3)n[nH]2)ccc1Cl,156303975
11250,CNC1=NC2=C(C=CC(=C2)OCC3=NC(=CC=C3)N4C=C(C5=C(N=CN=C54)N)Cl)C=C1,Cc1cnn(Cc2cc(Cl)ccc2NCc2cc(C(=O)Nc3ncccn3)c(C)[nH]2)c1,156304011
11300,CNC1=NC2=C(C=CC(=C2)CCC3=CC(=CN=C3)N4C=C(C5=C(N=CN=C54)N)F)C=C1,CCc1[nH]c2ccc(F)cc2c1CN1CCN(c2ncc(-c3ncc[nH]3)c(C)n2)CC1,156304098
11350,CC1(CC1)CNCC2=CC3=C(N2)C=C(C=C3)CNC(=O)C4=CC(=O)N5C=CC=CC5=N4,CCCNC(=O)c1ccc(NC(=O)Cc2ccc3c(c2)N=C(n2cccc2)NC3)cc1,156442197
11400,C1CCN(CC1)CC2=CC3=C(N2)C=C(C=C3)CNC(=O)C4=CC(=O)N5C=CC=CC5=N4,O=C(NNc1ccccc1CC(=O)N(c1ccccc1)C1CC1)c1ccc2n1N=CC2,156461946
11450,C1C2CC1(C2)NCC3=CC4=C(N3)C=C(C=C4)CNC(=O)C5=CC(=O)N6C=CC=CC6=N5,C=C1Cc2cccc(C(=O)NCn3cc(C(=O)Nc4c[nH]c(=C)c4=CC)c(C)n3)c2C1,156461966
11500,C1CC(C1)NCC2=CC3=C(N2)C=C(C=C3)CNC(=O)C4=CC(=O)N5C=CC=CC5=N4,COc1cc(CN)c(C)c(NC(=O)c2ccnc3cc(-c4ccc(C)cc4)nn23)c1,156748936
11550,C1CC1NCC2=CC3=C(N2)C=C(C=C3)CNC(=O)C4=CC(=O)N5C=CC=CC5=N4,C=Cc1cnc2c(Nc3c(C4CC4)[nH]c(=O)[nH]c3=O)ccc(-n3cccc3)c2c1,156461820
11600,C1CCC(C1)NCC2=CC3=C(N2)C=C(C=C3)CNC(=O)C4=CC(=O)N5C=CC=CC5=N4,CC(=O)Nc1ccc(C=CN=c2[nH]c3ccc(-c4ccccn4)cc3[nH]2)cc1C(C)=O,156461784
11650,C1CC1CNCC2=CC3=C(N2)C=C(C=C3)CNC(=O)C4=CC(=O)N5C=CC=CC5=N4,Cc1ccc(-c2ncc(CNC(=O)Nc3cccc(CN4CCOCC4)c3)[nH]2)cc1,156461635
11700,C1COC1CNCC2=CC3=C(N2)C=C(C=C3)CNC(=O)C4=CC(=O)N5C=CC=CC5=N4,CCCN1Cc2onc(-c3ccc(C(=O)NCC(C)NC(=O)c4cc[nH]c4)cc3)c2C1,156461633
11750,C1=CC2=NC(=CC(=O)N2C=C1)C(=O)NCC3=CC4=C(C=C3)C=C(N4)CNCC(F)(F)F,CCCNC(=O)c1nc(-c2cccc(NC(=O)NC(F)(F)F)c2)nn1-c1ccccc1,156461814
11800,C1CCC(C1)NCC2=CC3=C(N2)C=C(C=C3)CN4C=C(N=N4)C5CCCC6C5CNN6,CC1CN2CCCC2CC1NCc1cc(=Nc2cc(C3CN3)n[nH]2)[nH]c2ccccc12,168489991
11850,C1CC(C2CNNC2C1)C3=CN(N=N3)CC4=CC5=C(C=C4)C=C(N5)CNCC6CC6,CCCc1cc2c3c(c1)c1nccnc1n3CCC2NC1NC(=NCC)NC1(C)C,168489992
11900,C1C2C1CN(C2)CC3=CC4=C(N3)C=C(C=C4)CNC(=O)C5=CC(=O)N6C=CC=CC6=N5,Cc1cc(-c2cncnc2)nc(-c2cnc3c(c2)C(O)CC(c2cccc(O)c2)C3)n1,156461621
11950,CC#CCNCC1=CC2=C(N1)C=C(C=C2)CNC(=O)C3=CC(=O)N4C=CC=CC4=N3,Cc1ccccc1C(=O)NC(c1ccc(NN)cc1)c1noc(-c2ccccc2)n1,156461622
12000,CC1CN(C1)CC2=CC3=C(N2)C=C(C=C3)CNC(=O)C4=CC(=O)N5C=CC=CC5=N4,O=C(Nc1ccccc1)c1cc(CCCn2cnc3c(c2=O)CC2=CCC=C23)[nH]n1,156461804
12050,C1C(CN1CC2=CC3=C(N2)C=C(C=C3)CNC(=O)C4=CC(=O)N5C=CC=CC5=N4)F,C=c1ccn2c(=O)n(NC(=O)Nc3ccc4c(c3)CCCC4)c3c2c1cn3CCF,156461724
12100,C1CN(C1)CC2=CC3=C(N2)C=C(C=C3)CNC(=O)C4=CC(=O)N5C=CC=CC5=N4,N#Cc1ccccc1NC(=O)c1cccc(=O)n1-c1ccn(-c2ccccc2)n1,156461725
12150,C1C(CN1CC2=CC3=C(N2)C=C(C=C3)CNC(=O)C4=CC(=O)N5C=CC=CC5=N4)O,Cc1cc(NC(=O)NN=Cc2ccc3c(c2)OCO3)c2nc3c(c(C)c2c1)=NCC=3,156461645
12200,CC1(CN(C1)CC2=CC3=C(N2)C=C(C=C3)CNC(=O)C4=CC(=O)N5C=CC=CC5=N4)C,Cc1cc(C(=O)Nc2cccc(-n3c(C4CCCCC4)n[nH]c3=O)c2)c2c(n1)CCC2,156461642
12250,COC1CN(C1)CC2=CC3=C(N2)C=C(C=C3)CNC(=O)C4=CC(=O)N5C=CC=CC5=N4,CN(C)c1ccc(NCCn2c(=O)oc3ccc(-c4c[nH]cc4C#N)cc3c2=O)cc1,156461657
12300,CC(C)(C)NCC1=CC2=C(N1)C=C(C=C2)CNC(=O)C3=CC(=O)N4C=CC=CC4=N3,O=C(NCc1ccc(-c2cccc(O)c2)nc1)Nc1nccc(-c2ccccc2)n1,156442198
12350,CC#CCCNCC1=CC2=C(N1)C=C(C=C2)CNC(=O)C3=CC(=O)N4C=CC=CC4=N3,CNC(=O)c1ccc(NC(=O)c2cc(C)n(-c3ccc(N(C)C=N)cc3)c2C)cc1C,156461671
12400,C1CC(C1)CNCC2=CC3=C(N2)C=C(C=C3)CN4C=C(N=N4)C5=C(N=CC(=C5)F)C#N,CCc1cn(C)[nH]c1=Nc1ccc(CNc2ccc(Nc3cccc(F)c3)nn2)cc1,156442365
12450,C1CC(C1)CNCC2=CC3=C(N2)C=C(C=C3)CN4C=C(N=N4)C5=C(N=CC(=C5)Cl)C#N,CCc1nnc(NCCCn2cc(C#N)c(-c3cccc(Cl)c3)n2)n1-c1ccccc1,156442158
12500,C1CCC(C1)NCC2=CC3=C(N2)C=C(C=C3)CN4C=C(N=N4)C5=C6C=NNC6=CC=C5,c1cncc(NCc2ccc(-c3nncn3-c3ccc(Cc4ncc[nH]4)cc3)cc2)c1,156461637
12550,C1CC(C1)CNCC2=CC3=C(N2)C=C(C=C3)CN4C=C(N=N4)C5=CC=CC6=C5NN=C6,c1cc(CNCCc2n[nH]c3ncncc23)cc(CNc2cccc3cnccc23)c1,156461687
12600,C1CC1CNCC2=CC3=C(N2)C=C(C=C3)CN4C=C(N=N4)C5=C6C=NNC6=CC=C5,Cc1ccn(Cc2ccc(NC3=CC=NC3Nc3ccc4[nH]nc(C)c4c3)cc2)n1,156461638
12650,C1=CC=C(C=C1)CNCC/C=C/[C@@H]2[C@H]([C@H]([C@@H](O2)N3C=C(C4=C(N=CN=C43)N)Br)O)O,CC1=NC2=Nc3ccccc3NC(=O)C2=CC1C(C)NC(=O)C1=CC(Br)NC=C1O,171400790
12700,C1C(CC1(F)F)CNCCC/C=C/[C@@H]2[C@H]([C@H]([C@@H](O2)N3C=C(C4=C(N=CN=C43)N)Br)O)O,CCCC(C(=O)NC1CCOC1)C(NC(=O)N=c1[nH]c2cccc(C)c2[nH]1)C(F)(F)Br,171400798
12750,C1CN(CCC1F)CCC/C=C/[C@@H]2[C@H]([C@H]([C@@H](O2)N3C=C(C4=C(N=CN=C43)N)Br)O)O,CN(C(=O)Nc1ccccc1Nc1ccc(Br)cc1)C1C(=O)NCC1NC=O,163239292
12800,C1CN(CCC1(F)F)CCC/C=C/[C@@H]2[C@H]([C@H]([C@@H](O2)N3C=C(C4=C(N=CN=C43)N)Br)O)O,CNC1CC(F)(F)C(=CCBr)C1NC(=O)CNC(=O)N1Cc2cc(C)ccc2NC1=O,163239246
12850,C1CC(CN(C1)CCC/C=C/[C@@H]2[C@H]([C@H]([C@@H](O2)N3C=C(C4=C(N=CN=C43)N)Br)O)O)F,O=C(NCc1ccc(Br)cc1)NC(=O)NC1CC(CCNF)C(=O)N2CCCC2C1,163239334
12900,C1[C@H](O[C@H]([C@@H]1O)N2C=C(C3=C(N=CN=C32)N)Br)/C=C/CCCNCC45CC(C4)(C5)F,CCC(C)(CN1C(=O)NC(C)(Cc2ccc(Br)cc2F)C1=O)NC1=CC=C(C)NN1,163239224
12950,C1C2(CC1(C2)F)CNCCC/C=C/[C@@H]3[C@@H]([C@H]([C@@H](O3)N4C=C(C5=C(N=CN=C54)N)Br)O)F,CN=C(N=CF)NC(C)C1NOCc2cc(-c3c(F)ccc(NC(C)=O)c3Br)ccc21,163239299
13000,C1C2(CC1(C2)F)CNCCC/C=C/[C@@H]3[C@H]([C@H]([C@@H](O3)N4C=C(C5=C(N=CN=C54)N)Br)F)O,CNC(=O)C1CC(=O)NN1CCNC(C)CN1C=CC2C(=C1)C=CC(=CBr)C2=C(F)F,163239245
13050,CC1=CN(C2=NC=NC(=C12)N)[C@H]3[C@@H]([C@@H]([C@H](O3)COC4=CC5=C(C=C4)C=CC(=N5)N)O)O,CC(O)Cn1c(=O)[nH]c2cc(NC(=O)Nc3ccc(NC(=O)NC4CC4)cc3)ccc21,166627257
13100,CNC1=NC2=C(C=CC(=C2)OC[C@@H]3[C@H](C[C@@H](O3)N4C=C(C5=C(N=CN=C54)N)Br)O)C=C1,Nc1cc(Oc2cncc(C(=O)N3Cc4c(C5CCC5)n[nH]c4C(O)C3)c2)c(Br)cn1,156327125
13150,C1=CC(=CC2=C1C=CC(=N2)N)OC[C@@H]3[C@H]([C@H]([C@H](O3)N4C=CC5=C(N=CN=C54)N)O)O,CC1=C(C(N)=O)C2C(=C(CNc3cc[nH]c3)N1)C(=O)C(=O)N2Cc1ccnc(O)c1,166627952
13200,CNC1=NC2=C(C=CC(=C2)OC[C@@H]3[C@H]([C@@H]([C@@H](O3)N4C=CC5=C(N=CN=C54)N)F)O)C=C1,Nc1ccc(Oc2cccc(OCCNC(=O)NC3CCc4nncn4C3)c2)c(F)c1,166636424
13250,C1C(CC1(F)F)CNCC2=CN3C=C(N=C3C=C2)CNC(=O)C4=CN=C5C(=C4)C=CN5,CC(CCF)c1cc(F)ccc1NCc1ccc(-n2cc(-c3n[nH]c(=O)[nH]3)cn2)cc1,163239186
13300,CC(C)C1=NC2=C(C=CC(=C2)CCC3=CC(=CN=C3)N4C=CC5=C(N=CN=C54)N)C(=C1)N,CNc1cc(Nc2c(C#N)c(=NNc3ccncn3)[nH]c3c(C)cc(C)cc23)ccc1C,156304027
13350,C1CC2(C1)CN(C2)CC3=CC4=C(N3)C=C(C=C4)CN5C=C(N=N5)C6=C7C=NNC7=CC=C6,Cc1ccc(C)c(-c2nnc3n2N(c2ccc(C=NNc4ccccn4)cc2)CCC3)c1,166060828
13400,C1CC2(C1)CCN(C2)CC3=CC4=C(N3)C=C(N=C4)CN5C=C(N=N5)C6=CC=CN7C6=CN=C7,CCc1cnc(CN2CCCC2c2ccc3c(c2)CNCN3)nc1-n1nnc2ccccc21,156461822
13450,CNC1=NC2=C(C=CC(=C2)OCC3=CC(=CC=C3)N4C=C(C5=C(N=CN=C54)N)C6CC6)C=C1,Cc1cc(NC(=O)NCc2ccccc2)c2c(C)nn(CNc3ccccc3C#N)c2c1C,156304133
13500,CNC1=NC2=C(C=CC(=C2)CN(C)C3=CC=CC(=C3)N4C=C(C5=C(N=CN=C54)N)Br)C=C1,Cc1cc(NN)c(C=NN(Cc2ccc(-c3ncccn3)cc2)c2ccncc2)cc1Br,166039024
13550,CNC1=NC2=C(C=CC(=C2)OCC3=CC(=CC(=C3)CO)C4=CNC5=C4N=CN=C5N)C=C1,Cc1ccccc1COC(=O)c1cccc(Nc2nc(-c3cnc(N)nc3)ccc2N)c1,166039008
13600,C1CC2(C1)CCN(C2)CC3=CC=C(C=C3)[C@H]4C[C@H]([C@@H]([C@@H]4O)O)N5C=C(C6=C(N=CN=C65)N)Br,O=C(CC1CCC2=C(CCBr)C(=O)NC2C1)Nc1ccc2[nH]c(=Nc3ccccc3)[nH]c2c1,163239289
13650,CC1(CCCC1)NCC2=CC3=C(N2)C=C(C=C3)CNC(=O)C4=CC(=O)N5C=CC=CC5=N4,COc1ccccc1CN(Cc1cn[nH]c1)Cc1cc(-c2ccc(C#N)cc2)cc(=O)[nH]1,156442362
13700,C1CCC(CC1)CNCC2=CN3C=C(N=C3C=C2)CNC(=O)C4=CC5=CC=CC=C5N=C4,CCCn1c(CC)nnc1-c1ccccc1NC(=O)CCNc1ccc2ccccc2c1,155167464
13750,CC(C)C1=NC2=C(C=CC(=C2)OCC3=CC(=CN=C3)N4C=CC5=C(N=CN=C54)N)C(=N1)N,C=C(C=N)c1nnc(-c2cccc(NC(=O)Nc3c[nH]nc3-c3ccccc3)c2)n1CC,156304008
13800,C1CC(C1)(CNCC2=CC3=C(N2)C=C(C=C3)CNC(=O)C4=CC(=O)N5C=CC=CC5=N4)O,CNC(=O)c1ccc2c(c1)c1ccccc1n2CC(=O)Nc1cccc(CNC(N)=O)c1,156442205
13850,C1CC(C1)CNCC2=C(C3=C(N2)C=C(C=C3)CNC(=O)C4=CC(=O)N5C=CC=CC5=N4)F,CC(=O)NN=C(C(=O)NC1=CC=CCc2c[nH]nc21)c1ccc(-c2ccc(F)cc2)cc1,156442358
13900,CN1C(=CC2=C1C=C(C=C2)CNC(=O)C3=CC(=O)N4C=CC=CC4=N3)CNCC5CCC5,Cc1ccc2c(c1NC(=O)NCCN(Cc1nc(-c3ccccc3)no1)C(C)C)C=CC2,156461649
13950,C1CCC(CC1)CNCC2=CN3C=C(N=C3C=C2)CNC(=O)C4=CC(=O)N5C=CC=CC5=N4,CC(=O)CNC(=O)c1cc2cccc(C=Nc3cc(C(C)C)nc(-c4ccccc4)n3)n2n1,155167581
14000,C1CC(C1)(CNCC2=CC3=C(N2)C=C(C=C3)CN4C=C(N=N4)C5=C6C=NNC6=CC=C5)O,O=C(NCCc1c(-c2ccnnc2)[nH]c2ncccc12)Nc1cccc2cnccc12,156461641
14050,C1CN(C1)C2=NC3=C(C=CC(=C3)OCC4=CC(=CN=C4)C5=CNC6=C5N=CN=C6N)C=C2,O=C(Nc1ccc(N=c2[nH]c3cnc(C4CC4)nc3[nH]2)cc1)N1CCCc2ccccc21,156304062
14100,C1CN(CCN1)C(=O)C2=C(C=C(C=C2)OCC3=CC(=CN=C3)N4C=CC5=C(N=CN=C54)N)N,CC(C)C1(Nc2ccc(NC(=O)Nc3ccccc3-c3ncccn3)cc2)NC(N)=NC1=O,156304162
14150,CC(C)(C)C1(CC1)NCC2=CC3=C(N2)C=C(C=C3)CNC(=O)C4=CC(=O)N5C=CC=CC5=N4,CC(=O)C=C1Cn2c(C(C)NC(=O)Nc3ccccc3-c3ccccc3)nc3nccc1c32,156748915
14200,CC(C)C1=NC2=C(C=CC(=C2)OCC3=CC(=CN=C3)C4=CNC5=C4N=CN=C5N)C(=C1)N,CCc1cc(Nc2nc(-c3ccccc3)nn2CNC(=O)C=C(C)N)cc2cc[nH]c12,156304139
14250,C1CC2(C1)CC2NCC3=CC4=C(N3)C=C(C=C4)CNC(=O)C5=CC(=O)N6C=CC=CC6=N5,NN=CC(=O)Nc1ccc2c(c1)CC(c1ccccc1)N2C(=O)NCCc1ccccc1,156461651
14300,CN(C)CCNC(=O)C1=C(C=C(C=C1)OCC2=CC(=CN=C2)N3C=CC4=C(N=CN=C43)N)N,CC(=O)NN=Cc1cc(NC(=O)CCCc2ccc3c(c2)CCN3)ccc1-c1nc(N)n[nH]1,156304154
14350,C1C2(CC1(C2)F)CNCC3=CC4=C(N3)C=C(C=C4)CNC(=O)C5=CC(=O)N6C=CSC6=N5,COc1cc(NC(=O)Nc2n[nH]c(C3CSc4c(ccc5c4CCC5)C3)n2)c(C)cc1F,156442168
14400,C1C2CC1(C2)CNCC3=CC4=C(N3)C=C(C=N4)CNC(=O)C5=CC(=O)N6C=CC=CC6=N5,Cn1cc(N=C2CN(C(=O)c3ccc(-c4ccc5c(c4)CCN5)cc3)CCN2)nc1CO,156462038
14450,CNC1=NC2=C(C=CC(=C2)OCC3=CC(=CC(=C3)F)N4C=C(C5=C(N=CN=C54)N)Cl)C=C1,Cc1cc(C)c(CNC(=O)Nc2cc(-c3ncc(-c4ncc[nH]4)[nH]3)ccc2Cl)c(C)c1,156304131
14500,CNC1=NC2=C(C=CC(=C2)OCC3=C(C=CC(=C3)N4C=C(C5=C(N=CN=C54)N)Cl)F)C=C1,CC(C)c1cc(F)c(Cl)cc1-c1nc(CNC(=O)NCc2ccccc2)nc2ccnn12,166039020
14550,CNC1=NC2=C(C=CC(=C2)OCC3=CC(=CC(=C3)CO)N4C=CC5=C(N=CN=C54)N)C=C1,Cc1[nH]ncc1Nc1cccc(NC(=O)NNC(=O)c2ccc(-c3ccccc3)cc2)c1,166039046
14600,CNC1=NC2=C(C=CC(=C2)OCC3=CC(=CC(=C3)N4C=CC5=C(N=CN=C54)N)C#N)C=C1,CNc1cccc(-n2cnc(-c3nc(C)cc(NC(=O)c4ccc5c(c4)NCC5)n3)c2)c1,156303997
14650,C1CC2(C1)CCN(C2)CC3=CC4=C(N3)C=C(N=C4)CNC(=O)C5=CC(=O)N6C=CC=CC6=N5,CCCc1ncc(C2CN(C(=O)c3ccnc(-n4cccc4)c3)c3ccccc3N2)c(=O)[nH]1,156442357
14700,COC1=CN2C=NC=C2C(=C1)C3=CN(N=N3)CC4=CC5=C(C=C4)C=C(N5)CNCC6CCC6,Cc1[nH]c2c(c1CNc1ccccc1-n1c(C)nnc1N(C)Cc1ccon1)CC(C)(C)C2,156442194
14750,C1CC(N(C1)CC2=CC3=C(N2)C=C(C=C3)CNC(=O)C4=CC(=O)N5C=CC=CC5=N4)CO,CC=CC=C(c1ccccc1)c1nc(C(=O)NCC(=O)Nc2ccc3c(c2)CCO3)n[nH]1,156461719
14800,CC1(CCCN1CC2=CC3=C(N2)C=C(C=C3)CNC(=O)C4=CC(=O)N5C=CC=CC5=N4)C,O=C(Nc1ccccc1)C(=O)N1CCN(Cc2cccc3[nH]ncc23)Cc2ccccc21,156461835
14850,CNC1=NC2=C(C=CC(=C2)OC[C@@H]3[C@H]([C@@H]([C@@H](O3)N4C=C(C5=C4C=CN=C5N)Br)F)O)C=C1,Cc1[nH]c2c(Br)cc(F)cc2c1C(C)N(C)C(=O)N1CCC(NC(N)=O)C(CCC=O)C1,156326995
14900,C1CCN(C1)C2=NC3=C(C=CC(=C3)OCC4=CC(=CN=C4)N5C=CC6=C(N=CN=C65)N)C=C2,Cc1nccn1CC(=O)Nc1cnc(Nc2cccc(N3CCc4ccccc4C3)c2)nc1,156304017
14950,C1C2(CC1(C2)F)CNCC3=CC4=C(N3)C=C(C=C4)CN5C=C(N=N5)C6=CC=CN7C6=CN=C7,Fc1ccccc1N=c1[nH]nc(CNC=CC=Cn2ccnc2-c2ccc3c(c2)CCC3)[nH]1,156442354
15000,CC12CC(C1)(C2)CNCC3=CC4=C(N3)C=C(N=C4)CNC(=O)C5=CC(=O)N6C=CC=CC6=N5,CCc1nc2c(cc1C)CC(C(=O)Nn1c(-c3ccccc3)n[nH]c1=O)(c1cccnc1)C2,156461864
15050,C1C[C@@H]([C@@H](C1)O)NCC2=CC3=C(N2)C=C(C=C3)CN4C=C(N=N4)C5CCCC6C5CNN6,CCNC1N=CN=C(C2CCCN(C(=O)Nc3ccccc3NC3CCC(C)(C)C3)C2)N1,168489990
15100,CC1(CCN(CC1)CC2=CC3=C(N2)C=C(C=C3)CNC(=O)C4=CC(=O)N5C=CC=CC5=N4)C,Cc1cc(C(=O)N2CCNCC2)c2c(CCC(=O)Nc3ccc4c(c3)CCCC4)c[nH]c2n1,156442363
15150,C1CC(C2CNNC2C1)C3=CN(N=N3)CC4=CC5=C(C=C4)C=C(N5)CN6CC7(C6)CCC7,CNCc1cc(NC2CCN(c3cc(-c4cc[nH]c4)nc(C)n3)CC3CCC=C32)ccn1,168489998
15200,COC1=CN2C=NC=C2C(=C1)C3=CN(N=N3)CC4=CN5C=C(C=CC5=N4)CNCC6CCC6,C=CCn1c2nc3ncccn3c(=O)c2c2nnc(CCNCCc3ccc4c(c3)CC4)n21,163239127
15250,COC1=CC(=C(N=C1)C#N)C2=CN(N=N2)CC3=CC4=C(C=C3)C=C(N4)CNCC5CCC5,Cc1cc(Cc2noc(-c3c(-c4cccnc4)n[nH]c3NC(C)C)n2)cc(C)c1N(C)C,156442211
15300,C1=CC=C(C=C1)CNCC2=CC3=C(N2)C=C(C=C3)CNC(=O)C4=CC(=O)N5C=CC=CC5=N4,CNCC(=O)Nc1ccc(-c2ccc(C#N)cc2)c(NC(=O)c2cccc3c2ccn3C)c1,156461954
15350,CC1=C2C(=CN(C2=NC=N1)[C@@H]3C[C@@H]([C@H]([C@H]3O)O)C4=CC=C(C=C4)CN5CCC(CC5)(C)C)Br,CCC1NC(=O)C(C)(C(=NNC(=O)c2ccccc2)c2ccc(Br)cc2)C2CCCCCN12,171400803
15400,CC(C)NC1=NC2=C(C=CC(=C2)OCC3=CC(=CN=C3)N4C=C(C5=C(N=CN=C54)N)Cl)C=C1,Cc1cc(C(=O)NCCc2ccc(Nc3nc[nH]n3)c(Cl)c2)nc(-c2cccc(C)c2C)n1,156304045
15450,CNC1=NC2=C(C=CC(=C2)OCC3=C(C=CC(=C3)N4C=C(C5=C(N=CN=C54)N)Cl)OC)C=C1,CC(NC(=O)c1ccc(Cl)cc1-n1cc(Nc2ccccn2)cn1)C(=O)Nc1ccccc1,156304014
15500,CNC1=NC2=C(C=CC(=C2)OCC3=CC(=CC(=C3)O)N4C=C(C5=C(N=CN=C54)N)Cl)C=C1,CC(C)NC(=O)C(Cc1ccccc1)NC(=O)c1[nH]nc2[nH]nc(-c3ccc(Cl)cc3)c12,166039019
15550,CC(C)C1=NC2=C(C=CC(=C2)OCC3=CC(=CN=C3)N4C=CC5=C(N=CN=C54)N)C(=C1)N,O=C(NCc1nc2ncc3ccccc3n2n1)NCC1(Nc2ccccc2)CCCCC1,166039048
15600,CNC1=NC2=C(C=CC(=C2)OCC3=C(N=CC(=C3)N4C=C(C5=C(N=CN=C54)N)Cl)N)C=C1,Cc1cncc(C=CCl)c1NC(=O)Nc1ccccc1-c1c[nH]c(-c2cnn(C)c2N)n1,156304024
15650,CCC1=CC(=C2C=CC(=CC2=N1)OCC3=CC(=CN=C3)N4C=C(C5=C(N=CN=C54)N)Cl)N,C=c1nc(C)n(-c2cc(CNc3ccc(Cl)cc3NC(=O)c3cn[nH]c3)ccn2)c1=CC,166039016
15700,CNC1=NC2=C(C=CC(=C2)OCC3=CC(=CC(=C3)Br)N4C=C(C5=C(N=CN=C54)N)Cl)C=C1,Cc1cc2c(c(-c3cc(NC(=O)c4cc(Cl)cc(-c5ccn[nH]5)c4)[nH]n3)c1CBr)NCC2,156304128
15750,CNC1=NC2=C(C=CC(=C2)OCC3=CC(=CN=C3)N4C=CC5=C(N=C(N=C54)NC)N)C=C1,C=CCc1c(-c2nnc(Nc3ccccc3OC)n2C)nc(-c2cc[nH]c2)c(C#N)c1N,166039036
15800,CNC1=NC2=C(C=CC(=C2)OCC3=C(N=CC(=C3)N4C=C(C5=C(N=CN=C54)N)Cl)NC)C=C1,CCc1[nH]c2ccc(Cl)cc2c1C(=O)NCCc1nnc2[nH]nc(-c3ccc(C)cc3)n12,166039018
15850,CNC1=NC2=C(C=CC(=C2)OCC3=CC(=CC(=C3)OC)N4C=C(C5=C(N=CN=C54)N)Cl)C=C1,Cc1ccc(-c2[nH]c(Cl)c(C)c2C(=O)NCC(=O)Nc2ccc(-c3ncnn3C)cc2)cc1,166039006
15900,CNC1=NC2=C(C=CC(=C2)OCC3=CC(=CC(=C3)CO)N4C=C(C5=C(N=CN=C54)N)Cl)C=C1,Cc1ccc(NC(=O)c2cccc3c(-c4ccc(Cl)nc4)n[nH]c23)cc1NC(=O)NC1CC1,156303967
15950,CCNC1=NC2=C(C=CC(=C2)OCC3=CC(=CN=C3)N4C=C(C5=C(N=CN=C54)N)Cl)C=C1,Cc1cc(NC(C)C(=O)Nc2cc(Cl)cc(Nc3ccncc3)c2)nn1-c1ccccn1,156304104
16000,C1CN(C1)C2=NC3=C(C=CC(=C3)OCC4=CC(=CN=C4)N5C=C(C6=C(N=CN=C65)N)Cl)C=C2,CC(C)c1nc(Nc2nc(C3CC3)n(C3CC3)n2)nc2cc(-c3ccc(Cl)cc3)[nH]c(=O)c12,166636088
16050,CCNC1=NC2=C(C=CC(=C2)OCC3=CC(=CC=C3)N4C=C(C5=C(N=CN=C54)N)Cl)C=C1,Cc1ccc(-c2nccc(-c3nnccc3C(=O)Nc3ccc(Cl)nc3C3CC3)n2)cc1,156303974
16100,C1C(CC1(F)F)CNCC2=CC3=C(N2)C=C(C=C3)CNC(=O)C4=CC(=O)N5C=CC=CC5=N4,Cc1n[nH]cc1NC(=O)C1=Cc2ccccc2N(C(=O)CNc2ccc(C(F)F)cc2)C1,156461648
16150,C1CC(C1)(CNCC2=CC3=C(N2)C=C(C=C3)CNC(=O)C4=CC(=O)N5C=CC=CC5=N4)F,CCNC(Cc1ccccc1F)Cn1c(-c2ccc3c(c2)CCN3)c(C#N)c(=O)[nH]c1=O,156461647
16200,C1C2CC1CN(C2)CC3=CC4=C(N3)C=C(C=C4)CNC(=O)C5=CC(=O)N6C=CC=CC6=N5,CC(C)c1onc(CNc2ccccc2)c1C(=O)N1CCc2c(ncc3c2NC=CC3)C1,166060835
16250,C1CN(CCC1F)CC2=CC3=C(N2)C=C(C=C3)CNC(=O)C4=CC(=O)N5C=CC=CC5=N4,Cc1ccc(C(=O)Nc2ccccn2)cc1NC(=O)c1cncc(-c2cccc(F)c2)n1,156461940
16300,C1CCC(C1)(CNCC2=CC3=C(N2)C=C(C=C3)CNC(=O)C4=CC(=O)N5C=CC=CC5=N4)O,Nc1cccc(C(=O)N(CCOC2CCC2)NC(=O)c2n[nH]c3c2CCc2ccccc2-3)c1,156461953
16350,C1CC2CCC1CN2CC3=CC4=C(N3)C=C(C=C4)CNC(=O)C5=CC(=O)N6C=CC=CC6=N5,Cc1cc2c(cc1C(=O)NC1CC(=O)Nc3c(C=Cc4ncncn4)cccc31)CCCC2,156461818
16400,C1C(C1(F)F)CNCC2=CC3=C(N2)C=C(C=C3)CNC(=O)C4=CC(=O)N5C=CC=CC5=N4,COc1c(C(CNc2cc(F)cc(-c3ccccc3)n2)N2CCNCC2)cc(O)nc1F,156461948
16450,C1C2(CC1(C2)F)CNCC3=CC4=C(N3)C=C(C=C4)CNC(=O)C5=CC(=O)N6C=CC=CC6=N5,Cc1cc(Cc2[nH]ncc2CNc2ccc3c(c2)CNC(=O)N3CC2CCCO2)ccc1F,156748880
16500,C1CCC(CC1)CNCC2=CC3=C(N2)C=C(C=C3)CNC(=O)C4=CC(=O)N5C=CC=CC5=N4,Cc1ccc(N(Cc2nc3ccccc3n2C)C(=O)c2ccccc2C(C)(N)NC=O)cc1,156461950
16550,C1CCC(C1)CNCC2=CC3=C(N2)C=C(C=C3)CNC(=O)C4=CC(=O)N5C=CC=CC5=N4,Oc1c(CCNc2nc(-c3ccccc3)cc(-c3c[nH]cn3)n2)cccc1OC1CCC1,156461781
16600,COC1(CCC1)CNCC2=CC3=C(N2)C=C(C=C3)CNC(=O)C4=CC(=O)N5C=CC=CC5=N4,CNCC(=CC=O)n1ncc2c1CCN(C(=O)c1ccc(NC(=O)c3ccccc3)cc1)C2,156461782
16650,C1CCC(CC1)NCC2=CC3=C(N2)C=C(C=C3)CNC(=O)C4=CC(=O)N5C=CC=CC5=N4,Cc1ccc(CC(=O)Nc2c(NCc3ccc(C)o3)cc3c4c2cnn4CCN3)cc1,156461636
16700,C1C2CC1(C2)CNCC3=CC4=C(N3)C=C(C=C4)CNC(=O)C5=CC(=O)N6C=CC=CC6=N5,COc1ccccc1NC(=O)Nc1cccc2ccc(NC3CCC4=NCCN4C3)cc12,156461964
16750,C1C[C@@H]([C@H](C1)O)NCC2=CC3=C(N2)C=C(C=C3)CNC(=O)C4=CC(=O)N5C=CC=CC5=N4,Cc1ccccc1NC(=O)c1cccc(-n2nc(-c3c[nH]c4c3=CCC=4)c(=O)[nH]c2=O)c1,156461963
16800,C1C[C@H]([C@@H](C1)O)NCC2=CC3=C(N2)C=C(C=C3)CNC(=O)C4=CC(=O)N5C=CC=CC5=N4,Cc1cccc2c1NC(=O)C2=NNC(=O)CCNC(=O)C(c1ccccc1)n1cccc1,156461832
16850,C1C[C@@H]([C@@H](C1)O)NCC2=CC3=C(N2)C=C(C=C3)CNC(=O)C4=CC(=O)N5C=CC=CC5=N4,Cc1cccc(-n2ncc3c2CCC(CNC(=O)c2n[nH]c(=O)c4ccccc24)C3O)c1,156461833
16900,C1C[C@H]([C@H](C1)O)NCC2=CC3=C(N2)C=C(C=C3)CNC(=O)C4=CC(=O)N5C=CC=CC5=N4,Nc1ccc(C(NC(=O)CNC(=O)c2ccc(C3CC3)o2)n2ncc3ccccc32)cc1,156461831
16950,C1CC(C1)CNCC2=CC3=CC(=C(C=C3N2)CNC(=O)C4=CC(=O)N5C=CC=CC5=N4)F,CCc1nn(CCF)c(C)c1CC(=O)c1cccc(NC(=O)c2n[nH]c3c2CCCC3)c1,156461952
17000,C1CC(C2CNNC2C1)C3=CN(N=N3)CC4=CC5=C(C=C4)C=C(N5)CNCC6(CCC6)O,CCC1(c2ccc(NC3CCCNC3=N)cc2)NC(=NNc2ccc(C)c(C)c2)NC1=O,168489993
17050,C1CC2(C1)CN(C2)CC3=CC4=C(N3)C=C(C=C4)CNC(=O)C5=CC(=O)N6C=CC=CC6=N5,Cc1cccc2c1NC(=O)CC2CN(C(=O)c1ccc2[nH]nnc2c1)c1ccccc1,166060832
17100,CN(CC1CCC1)CC2=CC3=C(N2)C=C(C=C3)CNC(=O)C4=CC(=O)N5C=CC=CC5=N4,Cc1nccn1CC(=O)Nc1cccc(C(=O)NC(c2ccccc2)c2ccncc2)c1,156442214
17150,C1CC1C#CCNCC2=CC3=C(N2)C=C(C=C3)CNC(=O)C4=CC(=O)N5C=CC=CC5=N4,C=C1CCCN(c2cc(NC(=O)NCCc3[nH]ncc3-c3ccccc3)ccc2OC)C1,156461620
17200,C1CC2C(C1)C2NCC3=CC4=C(N3)C=C(C=C4)CNC(=O)C5=CC(=O)N6C=CC=CC6=N5,O=C(NCCCn1nc(-c2ccccc2)c(-c2ccccc2)n1)NC1COC2CCC1C2,156748980
17250,C1CC2(CC1C2)CNCC3=CC4=C(N3)C=C(C=C4)CNC(=O)C5=CC(=O)N6C=CC=CC6=N5,N#CCc1ccc2[nH]c(=O)n(-c3ccc(NNC(=O)c4ccc5c(c4)CCC5)cc3)c2c1,156461805
17300,CC12CC(C1)(C2)CNCC3=CC4=C(N3)C=C(C=C4)CNC(=O)C5=CC(=O)N6C=CC=CC6=N5,Cc1ccc(Nc2n[nH]c3c2N(C(=O)CC2CCc4ccccc4C2)CC(O)=N3)c(C)c1,156461806
17350,C1CCC2(C1)CN(C2)CC3=CC4=C(N3)C=C(C=C4)CNC(=O)C5=CC(=O)N6C=CC=CC6=N5,Cc1cccc(NC(=O)c2cccnc2-c2ccc(-n3nc(C)c4c3CCCC4O)nc2)c1,156461726
17400,C1C(CN1CC2=CC3=C(N2)C=C(C=C3)CNC(=O)C4=CC(=O)N5C=CC=CC5=N4)C(F)F,Nc1cccc(-c2nc3ccccc3n2CC(=O)N2CCN(CCCC(F)F)C(=O)C2)c1,156461660
17450,C1C(CN1CC2=CC3=C(N2)C=C(C=C3)CNC(=O)C4=CC(=O)N5C=CC=CC5=N4)C(F)(F)F,Cc1cnc(NC(=O)c2c(C=CC(=O)NC3CC3)cnn2-c2ccccc2)c(C(F)(F)F)c1,156461659
17500,CCOC1CN(C1)CC2=CC3=C(N2)C=C(C=C3)CNC(=O)C4=CC(=O)N5C=CC=CC5=N4,CCOc1nc(OC)ccc1-c1ccc(-c2n[nH]c3ccc(C=CC(=O)NC)cc23)cn1,156461627
17550,C1CC2(C1)CN(C2)CCC3=CC4=C(N3)C=C(C=C4)CNC(=O)C5=CC(=O)N6C=CC=CC6=N5,CCN1CCc2ccc(CCN(Cc3ccc4c(c3)CCN4)C(=O)c3cn[nH]c3)cc2C1=O,166060833
17600,CC1(CCN(C1)CC2=CC3=C(N2)C=C(C=C3)CNC(=O)C4=CC(=O)N5C=CC=CC5=N4)C,CC1(c2cccc(NC(=O)Cc3cn(-c4ccccc4)nn3)c2)CCOc2cnccc21,156461702
17650,C1C(CC12CN(C2)CC3=CC4=C(N3)C=C(C=C4)CNC(=O)C5=CC(=O)N6C=CC=CC6=N5)F,Cc1ccnc(-c2ccc3c(c2)C(Cc2ccc(F)c(C)n2)NC(=O)N3Cc2ccco2)n1,166060827
17700,C1CC(C1)C2CN(C2)CC3=CC4=C(N3)C=C(C=C4)CNC(=O)C5=CC(=O)N6C=CC=CC6=N5,N#CC1(NC(=O)Cc2ccc(C(=O)Nc3ccc4nc5n(c4c3)CCCC5)cc2)CCCC1,156461967
17750,C1CC1C2CN(C2)CC3=CC4=C(N3)C=C(C=C4)CNC(=O)C5=CC(=O)N6C=CC=CC6=N5,Cc1nc(-c2cccc(O)c2)cc(N(C)N=C(C(=O)NC2CCCC2)c2ccccc2)n1,156748844
17800,CC(C)(C)C1CN(C1)CC2=CC3=C(N2)C=C(C=C3)CNC(=O)C4=CC(=O)N5C=CC=CC5=N4,O=C(C=Cc1cnc(-c2cccc(-c3ccc4c(c3)CNC4)n2)nc1)Nc1cccc(O)c1,156461956
17850,CC1CC(C1)CNCC2=CC3=C(N2)C=C(C=C3)CNC(=O)C4=CC(=O)N5C=CC=CC5=N4,Cc1ccc(O)c(C(NC(=O)Nc2ccc(-n3cnc(C)n3)cc2)c2ccccc2C)c1,156461945
17900,CC(C)(C)C(C)(C)NCC1=CC2=C(N1)C=C(C=C2)CNC(=O)C3=CC(=O)N4C=CC=CC4=N3,CC(=O)Nc1ccccc1-c1nc(CCO)nc(NCC2(c3ccccc3)CCCCC2)n1,156461942
17950,CCC1(CN(C1)CC2=CC3=C(N2)C=C(C=C3)CNC(=O)C4=CC(=O)N5C=CC=CC5=N4)CC,Cc1ccc(C(C)N(CCC(=O)Nc2ccc3n[nH]c(=O)n3c2)Cc2cccc(C)c2)cc1,156748909
18000,C1CC2(C1)CCN(C2)CC3=CC4=C(N3)C=C(C=C4)CNC(=O)C5=CC(=O)N6C=CC=CC6=N5,Cc1ccc(C#N)cc1Cn1c(=NNC(=O)C2CCOc3ccccc32)[nH]c2ccccc21,156461670
18050,C1CC2CN(CC2C1)CC3=CC4=C(N3)C=C(C=C4)CNC(=O)C5=CC(=O)N6C=CC=CC6=N5,Cc1cc(C)c2c(c1)C(=O)N=C2c1ccn2c1CC(CNC(=O)c1cccc(NN)c1)CC2,156461837
18100,CC1(CCC1)CNCC2=CC3=C(N2)C=C(C=C3)CNC(=O)C4=CC(=O)N5C=CC=CC5=N4,Cc1nnccc1Oc1ccc(-c2[nH]nc(C)c2CNc2ccc3c(c2)C(O)CC3)cc1,156461854
18150,C1CC12CC(C2)CNCC3=CC4=C(N3)C=C(C=C4)CNC(=O)C5=CC(=O)N6C=CC=CC6=N5,CCOc1cc2c(cc1-c1nc3cc(C(C)NC(=O)Cc4c[nH]nc4C)ccc3[nH]1)CCC2,156748991
18200,C1CC12CCN(C2)CC3=CC4=C(N3)C=C(C=C4)CNC(=O)C5=CC(=O)N6C=CC=CC6=N5,CCn1c(=O)ccc2c(-c3ccc(NC(=O)NCC#Cc4ccncc4)cc3)nccc21,166060830
18250,C1CN(CC12CCO2)CC3=CC4=C(N3)C=C(C=C4)CNC(=O)C5=CC(=O)N6C=CC=CC6=N5,Cc1ccc(C2NC(=O)C(n3nc(-c4ccccc4)[nH]c3=O)N=C2Oc2ccccc2)cc1,156461720
18300,C1CC12CC2CNCC3=CC4=C(N3)C=C(C=C4)CNC(=O)C5=CC(=O)N6C=CC=CC6=N5,O=C(CCc1[nH]nc2c1COCC2)N1CCN(Cc2ccc[nH]2)CC1Cc1ccccc1,156748981
18350,C1C2CC1(C2)CNCC3=CC4=C(N3)C=C(N=C4)CNC(=O)C5=CC(=O)N6C=CC=CC6=N5,C1=C(NC(Nc2ccc(-c3n[nH]c4ncccc34)cc2)(c2ccccn2)C2CC2)OOC1,156748847
18400,C1C2(CC1(C2)F)CNCC3=CC4=C(N3)C=C(N=C4)CNC(=O)C5=CC(=O)N6C=CC=CC6=N5,CN(Cc1c[nH]c(C2CC2)n1)C(=O)CN1C(=O)C=CC1=Cc1c[nH]nc1-c1ccc(F)cc1,164884911
18450,C1C2(CC1(C2)F)CNCC3=CC4=C(N3)C=C(C=N4)CNC(=O)C5=CC(=O)N6C=CC=CC6=N5,CC=c1c(C2=Nc3nnc(-c4cccc(F)c4)n3C(c3cncc(OC)c3)C2)c[nH]c1=CO,156748871
18500,C1CC2CC1CN2CC3=CC4=C(N3)C=C(C=C4)CNC(=O)C5=CC(=O)N6C=CC=CC6=N5,CCC1C(C)c2cc(NC(=O)CCc3ncnn3-c3ccccc3)ccc2N2C(=O)CC12,156461663
18550,C1C2(CC1(C2)F)CNCC3=CC4=C(N3)C=C(N=C4)CN5C=C(N=N5)C6=CC=CN7C6=CN=C7,Cc1nn(-c2n[nH]c(C=CCC3=CCC(F)=C3)n2)c2c1C(c1ccccc1)c1cn[nH]c1N2,156442382
18600,C1CC2C(CNN2)C(C1)N3C=C(N=N3)CC4=CC5=C(C=C4)C=C(N5)CNCC6CC(C6)(F)F,CCC(C#N)C1NC(c2c[nH]nc2C)Cc2nc(Nc3cc(C)ccc3C(F)F)nc(C)c21,168490000
18650,C1C[C@@H]([C@@H](C1)O)NCC2=CC3=C(N2)C=C(C=C3)CN4C=C(N=N4)C5=C6C=NNC6=CC=C5,Cc1ccc(-c2cnc(NCC3NC(=N)n4ccnc4C=C3c3occc3C)cn2)cc1,156461639
18700,C1C(CC1(F)F)CNCC2=CC3=C(N2)C=C(C=C3)CC4=CN(N=N4)C5=CC=CC6=C5C=NN6,Fc1cccc(-c2nc(CNc3c(F)cccc3CN3CCCCC3c3cn[nH]c3)n[nH]2)c1,156748982
18750,C1C(CC1(F)F)CNCC2=CC3=C(N2)C=C(C=C3)CC4=CN(N=N4)C5=CC=CN6C5=CN=C6,N#Cc1ccc(-n2cc(Nc3nc(=Cc4cccc(C(F)F)c4)c4n3CCCN=4)cn2)cc1,166636540
18800,C1[C@@H]([C@H]([C@H]([C@@H]1N2C=C(C3=C(N=CN=C32)N)Br)O)O)C4=CC=C(C=C4)CNCC56CC(C5)(C6)F,O=C(NC(=O)NC1CC(NC2CC(NCC(F)Br)C2)Cc2ccccc21)Nc1ccccc1,163239228
18850,C1CC2(C1)CCN(C2)CC3=CC(=CC=C3)[C@H]4C[C@H]([C@@H]([C@@H]4O)O)N5C=C(C6=C(N=CN=C65)N)Br,NCC1CCC(CNC(=O)C2=NC3C(=O)N(c4ccccc4)c4cc(Br)ccc4C3=CN2)C1,163239352
18900,C1[C@@H]([C@H]([C@H]([C@@H]1N2C=C(C3=C(N=CN=C32)N)Br)O)O)C4=CC=CC(=C4)CNCC56CC(C5)(C6)F,Nc1cc(C=C2CCC(NC(=O)C(Nc3ccccc3F)c3cccc(Br)c3)C(O)C2)n[nH]1,163239344
18950,CNC1=NC2=C(C=CC(=C2)OC[C@@H]3[C@H]([C@@H]([C@@H](O3)N4C=C(C5=C(N=CN=C54)N)F)F)O)C=C1,CC1CC1NC(=O)Cc1nc2[nH]nc(CCC(=O)Nc3cc(F)ccc3F)c2n1CCO,166626353
19000,CC1=CN(C2=NC=NC(=C12)N)[C@H]3[C@H]([C@@H]([C@H](O3)COC4=CC5=C(C=C4)C=CC(=N5)NC)O)F,CC1=NC(C)N(c2cccc(NC(=O)NC(=O)c3c[nH]nc3-c3cccc(F)c3)c2)C1=O,156326994
19050,CNC1=NC2=C(C=CC(=C2)OC[C@@H]3[C@H]([C@@H]([C@@H](O3)N4C=C(C5=C(N=CN=C54)N)Cl)F)O)C=C1,CC(NC(=O)Nc1cnn(-c2ccc(NC(=O)C(F)Cl)cc2)c1)C(=O)Nc1ccccc1,156296131
19100,CC1=CN(C2=NC=NC(=C12)N)[C@H]3[C@@H]([C@@H]([C@H](O3)COC4=CC5=C(C=C4)N=C(C=C5)NC)O)O,CC(O)CNC(=O)N1CCc2cc(NC(=O)NC3Cc4ccccc4NC3=O)ccc2N1,166629202
19150,CC1=CN(C2=NC=NC(=C12)N)[C@H]3[C@@H]([C@@H]([C@H](O3)COC4=CC5=C(C=C4)C=CC(=N5)NC)O)O,COC(=O)c1[nH]ncc1NC(=O)Nc1ccc(NC(=O)C(C)CC2CCCC2C)cc1N,166629410
19200,CNC1=NC2=C(C=CC(=C2)OC[C@@H]3[C@H]([C@H]([C@@H](O3)N4C=C(C5=C(N=CN=C54)N)Cl)O)O)C=C1,CCC(C)(NC(=O)Nc1cccnc1)C(=O)Nc1cc2c(c3c1C(=O)OCN3)CC(Cl)N2,166630986
19250,CCNC1=NC2=C(C=CC(=C2)OC[C@@H]3[C@H]([C@@H]([C@@H](O3)N4C=C(C5=C(N=CN=C54)N)Cl)F)O)C=C1,CC1CN(c2ccc(NC(=O)NC3CCOC3CCCCl)c(-c3cn[nH]c3)n2)CC(C)O1,156327051
19300,CC1=CC(=C2C=CC(=CC2=N1)OC[C@@H]3[C@H]([C@@H]([C@@H](O3)N4C=C(C5=C(N=CN=C54)N)Br)F)O)N,CC1(Br)N=COc2cc(NC(=O)NCC(=O)NNc3cc(F)cc4c3=CCC=4)ccc2N1,156327115
19350,CNC1=NC2=C(C=CC(=C2)OC[C@@H]3[C@H]([C@@H]([C@@H](O3)N4C=C(C5=C(N=CN=C54)N)Br)F)O)C=C1,CC(=O)C(N)NC(=O)Cc1ncc(C(=O)NC(C)c2nc3cc(Br)c(C)cc3[nH]2)cc1F,156327124
19400,CNC1=NC2=C(C=CC(=C2)OC[C@@H]3[C@H]([C@H]([C@@H](O3)N4C=C(C5=C(N=CN=C54)N)Br)O)O)C=C1,CCC1CCC(N=C(N)N(C(N)=O)C(=O)Nc2cc(-c3cnco3)ccc2Br)C(CO)C1,166636264
19450,CC1(CCN(CC1)CC2=CC=C(C=C2)N3CC(=O)NC4(C3)CN(C4)C5=NC=NC(=C5)NC)C,CCC1CCN(C(=O)NCCc2nc(N3CNc4ccccc4C3)nc3c2CN(CC)C3)C1,166132582
19500,C1CC(C1)CNCC2=CN3C=C(N=C3C=C2)CN4C=C(N=N4)C5=CC(=CN6C5=CN=C6)Cl,Cc1c2c(nn1-c1cccnc1Nc1cccnc1)CN(Cc1nccn1C=CCl)CC2,163239071
19550,CCC1=CC(=C2C(=N1)C=C(C=N2)OCC3=CC(=CN=C3)N4C=C(C5=C(N=CN=C54)N)C6=NN(C=C6)C)NCCOC,Cn1cc(C(=O)Nc2nnc(CCc3ccnc(C(=O)Nc4cnn(-c5ccccc5)c4)c3)[nH]2)c(C2=CCN=C2)c1,156304012
19600,CC1(CCN(CC1)CC2=NC=C(C=C2)N3CC(=O)NC4(C3)CCN(CC4)C5=NC=NC(=C5)NCC6=CC=CC=C6)C,CC=CC=C1N=C(N2CCN(Cc3cncn3CCNC(=O)C3=C(C)NCCC3)CC2)C=C(c2ccccc2)N1C,156587341
19650,CN1C=CC(=N1)C2=CN(C3=NC=NC(=C23)N)[C@H]4[C@H]([C@@H]([C@H](O4)COC5=CC6=NC(=NC=C6C=C5)NC7C8CC7C8)O)F,CCCC1CCCCC1N1NCc2cc(C(=O)Nc3ccc4c(c3)CN(C(=O)Nc3nc[nH]c(=O)n3)C4)c(F)nc21,166626134
19700,CN1C=CC(=N1)C2=CN(C3=NC=NC(=C23)N)[C@H]4[C@H]([C@@H]([C@H](O4)COC5=CC6=NC(=NC=C6C=C5)C(=O)N7CCC7)O)F,CC(C)C1CCCN1C(=O)NC1CCCN(C(=O)c2ccccc2-c2c3c(=O)[nH]c(=O)[nH]c3nc3ncnn23)C1,166629369
19750,CCC1=CC(=C2C(=CC(=CC2=N1)OCC3=CN=CC(=N3)N4C=C(C5=C(N=CN=C54)N)C6CCCO6)F)NCCOC,CCN(C(=O)c1nn2c(C)nnc2c1=C(C)c1cn[nH]c1N)c1ccc(O)c(Oc2ccc(CCCF)c(C)c2)c1,156304038
19800,CC1(CCN(CC1)CC2=CC(=C(C=C2)C(=O)NC[C@@]3(CCCN(C3)C4=NC=NC(=C4)NCC5=CC=CC=C5)O)O)C,CC(=O)NC(C)c1cccc(CCNC2CN2)c1NC(=O)c1ccccc1N(C)C(=O)Nc1ccc2c(c1)CCC2,154815692
19850,CCC1=CC(=C2C=CC(=CC2=N1)CCC3=CC(=CN=C3)N4C=C(C5=C(N=CN=C54)N)[C@H]6CCCO6)NCCN(C)C,CC(=CCC(=O)Nc1nc(NCC2CCCN(Cc3ccncc3)C2)nn2c1nc1ccccc12)c1ccccc1,156304031
19900,CN1C=CC(=N1)C2=CN(C3=NC=NC(=C23)N)C4=CN=CC(=C4)COC5=CC6=C(C=C5)C=CC(=N6)N7CCOCC7=O,Cc1nc(-c2cnccn2)[nH]c(=O)c1C(=O)Nc1ccc2c(c1)C(=O)N(C1CC1)C2=Nc1cccc2cnn(C)c12,156304151
19950,CN1C=CC(=N1)C2=CN(C3=NC=NC(=C23)N)[C@H]4[C@H]([C@@H]([C@H](O4)COC5=CC6=NC(=NC=C6C=C5)N(C)C7CCC7)O)F,CCC1(CNC(=O)Nc2ccc(NC(=O)N3CC3CCF)c3cnncc23)CCC(=O)N1c1ccc2n[nH]cc2c1,166630023
20000,CCC1=CC(=C2C=CC(=CC2=N1)OCC3=CC(=CN=C3)N4C=C(C5=C(N=CN=C54)N)[C@@H]6CCCO6)N7CCNCC7,CCc1nc(-c2cc(-c3ccncc3)ccc2NC(=O)CC2CCCCN2Cc2nccn2-c2ccncc2)no1,156304041
20050,CN1C=CC(=N1)C2=CN(C3=NC=NC(=C23)N)C4=CN=CC(=C4)COC5=CC6=C(C=C5)C=CC(=N6)N7CC8(C7)COC8,C=c1c(=CO)[nH]c2ccc(NC(=O)N(c3ccc(C=Nc4nc(C)nc(Nc5ccncc5)n4)cc3)C3CC3)cc12,156731594
20100,CN1C=CC(=N1)C2=CN(C3=NC=NC(=C23)N)C4=CN=CC(=C4)COC5=CC6=C(C=C5)C=CC(=N6)N7CC8(C7)CCC8,CNc1[nH]nc2cccc(C(=O)Nc3c(C4CCC5=CCN=C5C4)c(C)nn3-c3cc(-c4cccnc4)ccn3)c12,156731570
20150,CCC1=CC(=C2C(=N1)C=C(C=N2)CCC3=CC(=CN=C3)N4C=C(C5=C(N=CN=C54)N)C6=NN(C=C6)C)NCCOC,Cc1ccc(-n2cc(CNCCOc3ccccc3)nn2)cc1NCc1cc(Cn2cccn2)nc2[nH]nc(C)c12,156304030
20200,CCC1=CC(=C2C=CC(=CC2=N1)OCC3=CC(=CN=C3)N4C=C(C5=C(N=CN=C54)N)[C@H]6CCCO6)N7CCNCC7,CCc1n[nH]cc1CN(C)C(=O)NC(c1ccncc1)c1cnc(N2CCOc3c(cc(C)c4c3CCC4)C2)nc1,156304040
20250,CCC1=CC(=C2C=CC(=CC2=N1)OCC3=CC(=CN=C3)N4C=C(C5=C(N=CN=C54)N)[C@H]6CCCO6)N7CCOCC7,CC(NC(=O)Nc1ccccc1N(C(=O)c1ccncc1)C(=O)N1Cc2ccccc2C1)c1nccc(C2CC2)n1,156304060
20300,CCC1=CC(=C2C(=CC(=CC2=N1)OCC3=CC(=CN=C3)N4C=C(C5=C(N=CN=C54)N)[C@@H]6CCCO6)F)NCCOC,Cc1nn(C(=O)c2ccc(Nc3cccc(NC(=O)CNC(=O)Cc4ccccc4-n4cccn4)c3)cc2)cc1F,156304144
20350,CCC1=CC(=C2C=CC(=CC2=N1)OCC3=CC(=CN=C3)N4C=C(C5=C(N=CN=C54)N)C6=NN(C=C6)CCOC)NC,CCCC(=O)Nc1ccccc1C(=O)N(CC)Cc1n[nH]c(-c2nn(Cc3ccncc3)nc2-c2ccccc2)n1,156304096
20400,CCC1=CC(=C2C=CC(=CC2=N1)OCC3=CC(=CN=C3)N4C=C(C5=C(N=CN=C54)N)C6=NN(C=C6)C)N(C)C7CC7,CCN(C(=O)c1cccnc1-c1ccc(C)cc1)c1nnc2n1-c1cc(Nc3cnc(C)nc3)ccc1CCN2C,156304021
20450,CN1CCN(CC1)C2=NC3=C(C=CC(=C3)OCC4=CC(=CN=C4)N5C=C(C6=C(N=CN=C65)N)C7=NN(C=C7)C)C=C2,Cc1ccc(C=NC2CC2)c(-c2noc(-c3cnn(-c4cc5c(c(-c6nnc(C)n6C6CC6)c4)NCCN5)c3)n2)c1,156304068
20500,CCC1=CC(=C2C=CC(=CC2=N1)CCC3=CC(=CN=C3)N4C=C(C5=C(N=CN=C54)N)[C@@H]6CCCO6)NCCN(C)C,CCCN(C)C(Cc1ccccc1NCc1cc(N=c2cc[nH]nc2OC)[nH]n1)c1cccnc1-c1ccccc1,156304032
20550,CN1C=CC(=N1)C2=CN(C3=NC=NC(=C23)N)C4=CN=CC(=C4)COC5=CC(=C(C=C5)C(=O)N6CCC(CC6)(F)F)N,Cc1cc(F)cc(C(=O)Nc2c(C(=O)Nc3cccc(C(=N)N)c3)c(-c3ncn(-c4ccccc4)n3)nn2C)c1F,156304173
20600,CCC1=CC(=C2C(=CC(=CC2=N1)OCC3=CC(=CN=C3)N4C=C(C5=C(N=CN=C54)N)[C@H]6CCCO6)F)NCCOC,CCCN(C)Cc1[nH]c(C)c2c1NC(=O)CN(c1ccc(Cc3ccccc3F)cc1NC(=O)c1cn[nH]c1)C2=O,156304148
20650,CCC1=CC(=C2C=CC(=CC2=N1)OCC3=CC(=CN=C3)N4C=C(C5=C(N=CN=C54)N)[C@@H]6CCCO6)N7CCOCC7,CCC(C)N(C)C(=O)c1ccc2c3c([nH]c2c1)CCN(C(=O)Nc1ccc(-n2nnc4ccccc4c2=O)cc1)C3,156304164
20700,CN1C=CC(=N1)C2=CN(C3=NC=NC(=C23)N)[C@H]4[C@H]([C@@H]([C@H](O4)COC5=CC6=NC(=NC=C6C=C5)NC7CC(C7)N)O)F,Cc1n[nH]c(N=c2c3c([nH]c4c2C=NCC4O)NC(C)(c2ccccc2F)N=C3)c1-c1c[nH]c(=O)c(=O)[nH]1,166626424
20750,CN(CCOC)C(=O)C1=CN(C2=NC=NC(=C12)N)[C@H]3[C@H]([C@@H]([C@H](O3)COC4=CC5=C(C=C4)C=CC(=N5)N6CCC6)O)F,CC(C#N)C1=NC(=O)C=C1CN1C(=O)CNC(=O)C1c1ccc(NC(=O)Nc2cc(F)cnc2-c2ccoc2)cc1,156327157
20800,CN1C=CC(=N1)C2=CN(C3=NC=NC(=C23)N)[C@H]4[C@H]([C@@H]([C@H](O4)COC5=CC6=C(C=C5)C=CC(=N6)NC7CC(C7)N)O)F,CC(=O)c1ccc(CNc2nc(-c3ccc(C4NNNC(=O)N4NC(=O)Nc4ccccc4)cc3F)c(C)[nH]2)cc1,156327043
20850,CC1(CCN(CC1)CC2=CC=C(C=C2)N3CC(=O)NC4(C3)CCN(CC4)C5=NC=NC(=C5)NCC6=CC=CC=C6)C,CC=CC=C1C(=N)C(C(=O)N2CCC(CCn3cnc(-c4ccccc4)n3)(N3CCCCC3)CC2)=CC=C1NCC,156596350
20900,C1C(CC1NC2=NC=C3C=CC(=CC3=N2)OC[C@@H]4[C@H]([C@@H]([C@@H](O4)N5C=CC6=C(N=CN=C65)N)F)O)N,CC(=O)Nc1nc2ccccc2n(CC(Cc2nnc(-c3ccc(C)cc3F)n2N)C(N)=O)c1=O,166632702
20950,C1CN(C1)C2=NC3=C(C=CC(=C3)OCC4=CC(=CN=C4)N5C=C(C6=C(N=CN=C65)N)CO)C=C2,CC(C)(C)c1cnn(Cc2ccc(C=CC(=O)Nc3ccc(-c4cc(=O)[nH]cn4)cn3)cn2)c1,156304085
21000,CC(=O)C1=CN(C2=NC=NC(=C12)N)C3=CN=CC(=C3)COC4=CC5=C(C=C4)C=CC(=N5)N6CCC6,Cc1nc2c(cnn2-c2ccc(NC(=O)Cc3n[nH]c(=O)c(-c4ccccc4)n3)cc2)c(C)c1C,156304171
21050,CS(=O)C1=CN(C2=NC=NC(=C12)N)C3=CN=CC(=C3)COC4=CC5=C(C=C4)C=CC(=N5)N6CCC6,CC(C)(Cc1nc2ccccc2n(Cc2nnc(-c3ccccc3)s2)c1=O)NC(=O)NC1=CC=N1,156304029
21100,C1[C@H]2C=C[C@@H]([C@@H]1CNCC3=CC4=C(N3)C=C(C=C4)CNC(=O)C5=CC(=O)N6C=CC=CC6=N5)O2,Cc1ccccc1C(CC(=O)NC(C)c1ccnc(OC2COC2)c1)c1n[nH]c2cnccc12,156461943
21150,CCC1=CC(=C2C=CC(=CC2=N1)OC[C@@H]3[C@H](C[C@@H](O3)N4C=CC5=C(N=CN=C54)N)O)N(C)C6CC6,CC(C#N)C(CO)NC(=O)C1CCCN(c2cc(C(=O)c3cnn(-c4ccccc4)c3)ccn2)C1,164570054
21200,CNC1=NC2=C(C=CC(=C2)OC[C@H]3C[C@H](C[C@@H]3O)N4C=C(C5=C(N=CN=C54)N)C6CCCC6)C=C1,CNC1N=C(c2ccccc2C)NC1Nc1ccccc1C(=O)N1CC(=O)N(C)c2ccccc21,156327103
21250,C1CC1CNC2=NC3=C(C=CC(=C3)OCC4=CC(=CN=C4)N5C=C(C6=C(N=CN=C65)N)Cl)C=C2,O=C(CCCc1n[nH]c(-c2ccc(Cl)nc2)n1)N(Cc1ccncc1)c1ccc2c(c1)NCC2,156304102
21300,C1[C@@H]([C@H]([C@H]([C@@H]1N2C=C(C3=C(N=CN=C32)N)Br)O)O)C4=CC=C(C=C4)CCNCC56CC(C5)(C6)F,O=C1NC(CO)CC=CCNc2cc(ccn2)C(C2CC=CCC2Nc2cc(F)ccc2Br)N1,171400793
21350,CNC1=NC2=C(C=CC(=C2)OC[C@@H]3[C@H]([C@@H]([C@@H](O3)N4C=C(C5=C(N=CN=C54)N)CC6CC6)F)O)C=C1,Cc1cc(F)ccc1NC(=O)Nc1cc(CNC(=O)c2cc[nH]c2)c(C2CNCC2C)n(C)c1=O,156327073
21400,CC(=O)N(CC1CCC1)CC2=CC3=C(N2)C=C(C=C3)CNC(=O)C4=CC(=O)N5C=CC=CC5=N4,COc1cc(OC)cc(C(NC(=O)CN2CCc3[nH]cc(C)c3C2)n2cnc3ccccc32)c1,156442226
21450,C1CCN(C1)C2=NC3=C(C=CC(=C3)OC[C@@H]4[C@H]([C@H]([C@@H](O4)N5C=C(C6=C(N=CN=C65)N)Br)O)O)C=C2,Cc1cnnc(OC2CNC(=O)C(CNC(=O)n3c4c([nH]c3=O)CCc3ccccc3-4)C2)c1CBr,166631878
21500,CNC1=NC2=C(C=CC(=C2)OCC3=CN=CC(=N3)N4C=C(C5=C(N=CN=C54)N)C6CCCC6)C=C1,C=c1[nH]c2c(C)ncc(-c3cnc(-n4nnc(C(=O)Nc5ccccc5)c4C4CC4)[nH]3)c2c1=CC,166039007
21550,CNC1=NC2=C(C=CC(=C2)OCC3=CC(=CN=C3)C4=CN(C5=C4N=CN=C5N)C6CCCC6)C=C1,Cc1ccc(C2=CCC(NCc3ccc(-c4nnc5[nH]c(=O)[nH]n45)cc3)c3ccccc32)nc1C,156304076
21600,CC(C)C1=NC2=C(C=CC(=C2)OCC3=CC(=CN=C3)N4C=CC5=C(N=CN=C54)N)C(=C1)N6CCC6,CC=C1CNC=Cc2ncc(Nc3cn(Cc4nc(-c5ccccc5)ccc4OC)nc3C)nc21,156304140
21650,CNC1=NC2=C(C=CC(=C2)OC[C@@H]3C[C@H]([C@@H](O3)N4C=C(C5=C(N=CN=C54)N)C6CCCC6)O)C=C1,Cc1ccc(C(C)NC(=O)Nc2[nH]cnc2C=Cc2ccc(C3CCCCNC3=O)c(=O)[nH]2)cc1,156327128
21700,CNC1=NC2=C(C=CC(=C2)OCC3=CC(=CN=C3)N4C=C(C5=C(N=CN=C54)N)C6=NC=CO6)C=C1,CCn1nc2[nH]cc(CNC(=O)c3ccnc(-n4ccc(-c5cccc(NC)c5)n4)c3)c2cc1=O,156304118
21750,CCC1=CC(=C2C=CC(=CC2=N1)OCC3=CC(=CN=C3)C4=CNC5=C4N=CN=C5N)NCCOC,CCNCc1c(C)cccc1NC(=O)Nc1cc(C(=O)Nc2ccc(-n3cccn3)cc2)ccn1,166039025
21800,CC1(CCN(CC1)CC2=CC=C(C=C2)N3CC4(CCN(CC4)C5=NC=NC(=C5)NC)NC3=O)C,CC1=NCC=C1CNc1cncc(CN2CCCC(NC(=O)N3CCc4ccccc4C3)C2)n1,156596352
21850,C1CN(C1)C2=NC3=C(C=CC(=C3)OC[C@@H]4[C@H]([C@@H]([C@@H](O4)N5C=C(C6=C(N=CN=C65)N)CO)F)O)C=C2,CCN1C(=N)NCC(NC(=O)NC2COC(C)(C(=O)Nc3cccc4c(C)cccc34)C2)C1=O,156326986
21900,C1C(CN1C2=NC3=C(C=CC(=C3)OC[C@@H]4[C@H]([C@@H]([C@@H](O4)N5C=CC6=C(N=CN=C65)N)F)O)C=C2)N,Cc1ccc(F)c(NC(=O)NC(C(=O)NCc2ncon2)c2ccc(NC3CCNC3)cc2)c1,156327040
21950,C1C(CN1CC2=CC3=C(N2)C=C(C=C3)CNC(=O)C4=CC(=O)N5C=CC=CC5=N4)OCC(F)(F)F,Cc1ccc(CN(Cc2n[nH]c(C)c2CC(F)(F)F)C(=O)Nc2ccc3oc(=O)n(C)c3c2)cc1,156748906
22000,CNC1=NC2=C(C=CC(=C2)OCC3=CC(=CN=C3)N4C=C(C5=CN=CN=C54)C6CCCC6)C=C1,Cc1ccc(C=NN(C)C(=O)Cn2cnnc2Cc2c[nH]c3c4c(ccc23)CCCCC4)cc1,156304108
22050,CC1COC2=C(N1)C=C(C=C2)OCC3=CC(=CN=C3)N4C=C(C5=C(N=CN=C54)N)C6=NN(C=C6)C,CCNC(=O)C1=C(Nc2cccc(-c3nnc(-c4nnn[nH]4)o3)c2)CC(C)(C)c2c(C)cccc21,156304119
22100,C1CC(C1)NC2=NC3=C(C=CC(=C3)OC[C@@H]4[C@H]([C@@H]([C@@H](O4)N5C=CC6=C(N=CN=C65)N)F)O)C=C2,COc1c(F)cc(C)c2nc(C(C)NC(=O)Nc3ccc4c(c3)C(CC(N)=O)CCCN4)[nH]c12,156326944
22150,CC(C1CC1)C2=CN(C3=NC=NC(=C23)N)C4=CN=CC(=C4)COC5=CC6=C(C=C5)C=CC(=N6)NC,Cc1ncccc1Nc1ncc2c(n1)C(C)N(C(=O)c1cccnc1)Cc1cc(CC(C)C)[nH]c1-2,156303999
22200,C1[C@@H]([C@H]([C@H]([C@@H]1N2C=CC3=C(N=CN=C32)N)O)O)C4=CC5=C(C=C4)C=C(N5)CNCC67CC(C6)(C7)F,CC1CC2CNC(=O)NCC(=O)Nc3ccc(F)cc3NCc3ccccc3C3=C4C(C1=NN3)C42,171665616
22250,C1C2(CC1(C2)F)CNCCC/C=C/[C@@H]3[C@H]([C@H]([C@@H](O3)N4C=C(C5=C(N=CN=C54)N)C6=CC=NN6)O)O,CNC(=O)c1[nH]c(CF)c(C(NC(=O)CCNC(=O)NC2CC3CC32C)c2ccncc2)c1C,163239329
22300,CC(C12CC(C1)(C2)F)NCC3=CC4=C(N3)C=C(C=C4)CNC(=O)C5=CC(=O)N6C=CC=CC6=N5,C=C1c2cc3c(cc2C(Cn2[nH]c(C=Nc4ccccc4N)cc2=O)=CC(=O)N1CF)CCC3,156748977
22350,CNC1=NC2=C(C=CC(=C2)OCC3=CC(=CC=C3)N4C=C(C5=C(N=CN=C54)N)C6CCCC6)C=C1,Cc1ccc(Nc2c(C)cc(C)c(NC(=O)CC=Cc3ccncc3)c2C)c(-c2n[nH]c(C)n2)c1,156304013
22400,CNC1=NC2=C(C=CC(=C2)OCC3=CC(=CN=C3)N4C=C(C5=C(N=CN=C54)N)C6CCCC6)C=C1,Cc1ccc(-c2ccc(NC(=O)CNc3ccc(-c4n[nH]c(C5CCCCC5)n4)cn3)nc2)cc1,156304100
22450,CNC1=NC2=C(C=CC(=C2)OCC3=CC(=CN=C3)N4C=C(C5=C(N=CN=C54)N)[C@H]6CCCO6)C=C1,CCCCN1C(=O)CC(C)C(NC(=O)Nc2cc3c([nH]c4c3cnn4C)c(C)n2)c2ccccc21,156304146
22500,COCC1=CN(C2=NC=NC(=C12)N)C3=CN=CC(=C3)COC4=CC5=C(C=C4)C=CC(=N5)N6CCC6,Cn1c(-c2ccccc2)ccc(NC(=O)CN2C=Nc3c(c4cc5[nH]ccc5nc4n3C)C2)c1=O,166039040
22550,CNC1=NC2=C(C=CC(=C2)OCC3=CC(=CC(=C3)N4C=C(C5=C(N=CN=C54)N)Cl)C(=O)N)C=C1,CC(=Nc1nc(=O)c2c(C)ccn2[nH]1)C1=C(N)NC(=CNc2ccc3ccc(Cl)cc3c2)C1=O,156304079
22600,CNC1=NC2=C(C=CC(=C2)OCC3=CC(=CN=C3)N4C=C(C5=C(N=CN=C54)N)CC6CC6)C=C1,N#CCCN(CC(N)=O)c1ncccc1-c1nc2ccccc2n1Cc1cccc2cc[nH]c12,166039010
22650,C1CC1CNC2=NC3=C(C=CC(=C3)OCC4=CC(=CC=C4)N5C=C(C6=C(N=CN=C65)N)Cl)C=C2,O=C(NC1CC1)c1cnc(Nc2ccccc2CCCc2cn[nH]c2)nc1-c1cccc(Cl)c1,156304117
22700,CNC1=NC2=C(C=CC(=C2)OCC3=CC(=CC=C3)N4C=C(C5=C(N=CN=C54)N)CCN(C)C)C=C1,CCc1ccc(-c2nc(C)c(C)c(C(=O)Nc3cccc(CNc4ccncc4NC)c3)n2)cn1,166039043
22750,C1CCN(C1)C2=NC3=C(C=CC(=C3)OCC4=CC(=CN=C4)N5C=C(C6=C(N=CN=C65)N)Cl)C=C2,CCn1c(CC#CCNC(=O)Nc2cc(-n3nc(C)nc3C)ccc2C)nc2ccc(Cl)cc21,156304048
22800,CNC1=NC2=C(C=CC(=C2)OCC3=CC(=CN=C3)N4C=CC5=C(N=C(N=C54)NC(=O)C=C)N)C=C1,Cc1cncc(NCCc2noc(-c3ccc(C)c(NC(=O)N4CCCc5n[nH]cc5C4)c3)n2)c1,166039038
22850,CCC1=CC(=C2C=CC(=CC2=N1)OCC3=CC(=CN=C3)N4C=CC5=C(N=CN=C54)N)N6CCCC6,CCN(C)CCn1c(CNCc2ncc3c(=O)[nH]c4cc(C)cc(C)c4c3n2)nc2ccccc21,156304141
22900,CNC1=NC2=C(C=CC(=C2)OCC3=CC(=CN=C3)N4C=C(C5=C(N=CN=C54)N)C6CCCO6)C=C1,Cc1cc(C)c(C)c(NC(=O)Nc2ccc(-n3cc(C(=O)NC(C)c4cnn(C)c4)cn3)cc2)c1,156303956
22950,CNC1=NC2=C(C=CC(=C2)OCC3=CC(=CN=C3)N4C=C(C5=C(N=CN=C54)N)[C@@H]6CCCO6)C=C1,Cc1ccccc1C(=O)Nc1[nH]nc(-c2cnn(C)c2)c1C1=NC(=Cc2ccccc2)C(=O)NC1,156304149
23000,CN1C=CC(=N1)C2=CN(C3=NC=NC(=C23)N)C4=CN=CC(=C4)CCC5=CC6=C(C=C5)C=CC(=N6)N,Cc1c[nH]c2cc(NCc3nccc(CNc4nccnc4Nc4ccccc4)n3)cc(C#N)c12,156304088
23050,C1[C@H]2C=C[C@@H]([C@H]1CNCC3=CC4=C(N3)C=C(C=C4)CNC(=O)C5=CC(=O)N6C=CC=CC6=N5)O2,CCCC1=C(c2ccc(C)cc2)C(c2nc(-c3ccc4c(c3)CC(C)C(=O)N4)no2)NC(=O)N1,156461960
23100,C1CCC(CC1)(CNCC2=CC3=C(N2)C=C(C=C3)CNC(=O)C4=CC(=O)N5C=CC=CC5=N4)O,N#CC(=O)Nc1ccc2c(c1)NC(=O)C2NC(=O)Nc1cccc(CCCc2ccccc2)c1,156461947
23150,CC(C)(C)OC1CN(C1)CC2=CC3=C(N2)C=C(C=C3)CNC(=O)C4=CC(=O)N5C=CC=CC5=N4,Cc1ccc(C(=O)NN=C2C=C(c3cccnc3)C(=O)NC2=Cc2ccc(CN(C)C)o2)cc1,156461661
23200,C1CCC2(CC1)CN(C2)CC3=CC4=C(N3)C=C(C=C4)CNC(=O)C5=CC(=O)N6C=CC=CC6=N5,Cc1ccccc1-c1ccn2c(CNC(=O)c3ccc4c(c3C)CC(C)CNC4=O)nnc2c1,156461628
23250,C1C2(CC1(F)F)CN(C2)CC3=CC4=C(N3)C=C(C=C4)CNC(=O)C5=CC(=O)N6C=CC=CC6=N5,O=C(C=Cc1ccc(F)c(F)c1)Nc1ccc(C(=O)NC2CCc3nc(C4CC4)nn3C2)cc1,156748956
23300,C1C2(CC1(C2)CF)CNCC3=CC4=C(N3)C=C(C=C4)CNC(=O)C5=CC(=O)N6C=CC=CC6=N5,O=C(NC1CCCC1)c1nn2ncc3c(-c4cccc(NC(=O)C5CC=CC5)c4)cc(F)c1c32,156748905
23350,COC12CC(C1)(C2)CNCC3=CC4=C(N3)C=C(C=C4)CNC(=O)C5=CC(=O)N6C=CC=CC6=N5,CCCCNc1ccc(NC(=O)c2ccc(=CC=C3OC4NCCN4C3=O)c3c2C=CN=3)cc1,156748890
23400,C1CCC2(C1)CCN(C2)CC3=CC4=C(N3)C=C(C=C4)CNC(=O)C5=CC(=O)N6C=CC=CC6=N5,CC(C)(C)c1cccc(-n2nc(CCc3ncc(C4CCc5ccccc54)c(O)n3)[nH]c2=O)c1,156461722
23450,C1C2(CC1(C2)C#N)CNCC3=CC4=C(N3)C=C(C=C4)CNC(=O)C5=CC(=O)N6C=CC=CC6=N5,O=C(CCC(=O)N1CCc2ccccc2C1)Nc1ccc(CCc2n[nH]c3nccn23)cc1,156748966
23500,C1C[C@H]2[C@@H](C[C@@H]1O2)CNCC3=CC4=C(N3)C=C(C=C4)CNC(=O)C5=CC(=O)N6C=CC=CC6=N5,CC(=CC(=O)Nc1ccc(C)cc1)C(C)C=c1[nH]c2nc3cc4c(cc3n2c1=O)CCNC4,166635206
23550,C1[C@@H]([C@H]([C@H]([C@@H]1N2C=C(C3=C(N=CN=C32)N)Br)O)O)C4=CC=CC(=C4)CCNCC56CC(C5)(C6)F,CCc1[nH]nc(C)c1CC1C(C(=O)NC(COC)Cc2cc(C)n[nH]2)C1c1ccc(Br)c(F)c1,163239249
23600,CNC1=NC2=C(C=CC(=C2)OC[C@@H]3[C@H]([C@@H]([C@@H](O3)N4C=C(C5=C(N=CN=C54)N)C6CC6)F)O)C=C1,CCCC(O)c1nnn(-c2ccc(C3(C(=O)Nc4ccc(C)cc4F)NCCON3)cc2)c1C,166626015
23650,CNC1=NC2=C(C=CC(=C2)OC[C@@H]3[C@H]([C@@H]([C@@H](O3)N4C=C(C5=C(N=CN=C54)N)C(F)(F)F)F)O)C=C1,CC1NC2(NN=C(C(C=C(F)F)=CC(F)F)O2)c2c(CNC(C)c3ccccc3)c(=O)[nH]n2C1=O,156326999
23700,CC1=CN(C2=NC=NC(=C12)N)[C@H]3[C@@H]([C@@H]([C@H](O3)COC4=CC5=C(C=C4)C=CC(=N5)NCC6CC6)O)O,COc1cccc(C(=O)Nc2cc(NCc3nc[nH]n3)cc(C(=O)N3CCC4CCCC43)c2)c1O,166630753
23750,C1CC1C2=NC3=C(C=CC(=C3)OC[C@@H]4[C@H]([C@@H]([C@@H](O4)N5C=C(C6=C(N=CN=C65)N)Br)F)O)C(=C2)N,CC(Nc1cc(Br)ccc1F)=C(CC(=O)Nc1cc[nH]n1)C(=O)NC1(C#N)CCCC(C)C1O,156327068
23800,CNC1=NC2=C(C=CC(=C2)OC[C@@H]3[C@H]([C@H]([C@@H](O3)N4C=C(C5=C(N=CN=C54)N)CC6CC6)O)O)C=C1,CC1(C)C(C(=O)NC2CC2)C(NCC2=CCC=C2)CN1C(=O)Nc1ccc2[nH]c(=O)[nH]c(=O)c2c1,156327126
23850,CNC1=NC2=C(C=CC(=C2)OC[C@@H]3[C@H](C[C@@H](O3)N4C=C(C5=C(N=CN=C54)N)C6CCCC6)O)C=C1,CCN1CCOC(c2ncc(CC(=O)NCc3cccc4[nH]cnc34)c(-c3ccccc3O)n2)C1,156296084
23900,CC1(CCN(CC1)CC2=CC=C(C=C2)N3CC(=O)NC4(C3)CCN(CC4)C5=NC=NC(=C5)NC)C,C=CC=C1NC2=NC(CCN3CCN(C(=O)C4CCCCC4)CC3)=NC(=CC3=CCC=C3C)N2N1,156596351
23950,CCC1=CC(=C2C=CC(=CC2=N1)OCC3=CC(=CN=C3)N4C=C(C5=C(N=CN=C54)N)C6=NN(C=C6)C)N(C)CC7CC7,Cc1ccccc1C(=O)Nc1ccc(C)c(-c2cc(-n3ncc4nc(-n5nc(C6CN6)nc5C5CC5)ccc43)c[nH]2)c1,156304016
24000,CN1C=CC(=N1)C2=CN(C3=NC=NC(=C23)N)C4=CN=CC(=C4)COC5=CC6=C(C=C5)C=CC(=N6)N7CCC(CC7)(F)F,Cc1c(CCc2cc(NC(=O)c3nc4ncc5ccccc5n4n3)ccc2NCc2nnc(C)n2C)ccc(F)c1F,156304050
24050,CCC1=CC(=C2C=CC(=CC2=N1)OCC3=CC(=CN=C3)N4C=C(C5=C(N=CN=C54)N)C6=NN(C=C6)C)N7CCNCC7,CCc1ccc(-c2ccc(NC(=O)NCc3cc(C=CN=c4[nH]nnn4C)n(-c4ccc(C)cc4)n3)cc2)cc1,156304015
24100,CCC1=CC(=C2C(=N1)C=C(C=N2)OC[C@@H]3[C@H]([C@H]([C@@H](O3)N4C=C(C5=C(N=CN=C54)N)C6=NN(C=C6)C)O)O)NCCOC,CCCC(CC)n1nccc1C(C)Nc1ccccc1NC(=O)c1ccc(CC(=O)Nn2c(=O)[nH]c(=O)[nH]c2=O)nc1,164570051
24150,CN1C=CC(=N1)C2=CN(C3=NC=NC(=C23)N)C4=CN=CC(=C4)COC5=CC6=C(C=C5)C=CC(=N6)N(C)CCS(=O)(=O)C,Cc1csc(CN(C(=O)NCc2nc(-c3ccccc3)nc(=O)[nH]2)C(C)C(=O)N(C)c2cccc(-c3cn[nH]c3)c2)n1,156304037
24200,CCC1=CC(=C2C(=CC(=CC2=N1)OCC3=CC(=CN=C3)N4C=C(C5=C(N=CN=C54)N)C6=NN(C=C6)C)F)NCCOC,Cc1ccc(-n2c(CCNC(=O)c3cc(C)cc(F)c3)nnc2-c2cccc(C=NNC(=O)c3n[nH]nc3C)c2)cc1,156731597
24250,CCC1=CC(=C2C(=CC(=CC2=N1)CCC3=CC(=CN=C3)N4C=C(C5=C(N=CN=C54)N)C6=NN(C=C6)C)F)NCCOC,CCn1c(=O)[nH]c2c1c(C)nc1cc(CNCc3ccc(-c4ccc(F)c(NC=Cc5cccnc5)c4)cc3)nn12,156731600
24300,CC(=O)NC1CN(C1)C2=NC3=C(C=CC(=C3)OCC4=CC(=CN=C4)N5C=C(C6=C(N=CN=C65)N)C7=NN(C=C7)C)C=C2,Cc1nc(CNC(=O)CCn2cccc2C(=O)N2CCN(c3cccc(C=CC=N)n3)CC2)c2[nH]c3cnccc3n12,156304071
24350,CCC1=CC(=C2C=CC(=CC2=N1)OC[C@@H]3[C@H](C[C@@H](O3)N4C=C(C5=C(N=CN=C54)N)C6=NN(C=C6)C)O)N(C)CC7CC7,Cc1cc(C)c2c(c1)C(N(CCC(=O)NCC(=N)N)C(=O)c1ccc(-c3nc(-c4cnccn4)no3)cc1)CCC2C,166628254
24400,C1CN(C1)C2=NC3=C(C=CC(=C3)OC[C@@H]4[C@H]([C@@H]([C@@H](O4)N5C=C(C6=C(N=CN=C65)N)N7C=CC(=N7)C(F)(F)F)F)O)C=C2,CCC(=O)NC1=Nc2n[nH]c3[nH]c(=O)cc(c23)C1=NC(=O)N1CCc2c(c3cccc4c3n2C(C(F)(F)F)C4)C1C,156327035
24450,CCC1=CC(=C2C=CC(=CC2=N1)OC[C@@H]3[C@H]([C@@H]([C@@H](O3)N4C=C(C5=C(N=CN=C54)N)C6=NN(C=C6)C)F)O)N(C)C7CC7,CC(=O)NC(c1ccnc2nc(C=CC3=Cc4cc(F)ccc4CNC3=O)nn12)C(C)C(=O)Nc1cc(C)nc(C)c1,156327002
24500,CNC1=NC2=C(C=CC(=C2)OCC3=CC(=CN=C3)N4C=CC5=C(N=CN=C54)N)C(=C1)CCCN6CCOCC6,CN(C)c1ccccc1N(CC(=O)NCc1ccncc1)C(=O)Nc1ccc2c(c1)nc1n2N=CCC1(C)C,156304116
24550,CC1=COC(=N1)C2=CN(C3=NC=NC(=C23)N)[C@H]4[C@H]([C@@H]([C@H](O4)COC5=CC6=C(C=C5)C=CC(=N6)N7CCC7)O)F,Cc1nn(CC(NC(=O)C2CNCO2)c2cc3c(cc2F)=COOCC=3)cc1-c1cc(-c2cccnc2)[nH]n1,156327034
24600,CN1C=CC(=N1)C2=CN(C3=NC=NC(=C23)N)C4=CN=CC(=C4)COC5=CC(=C(C=C5)C(=O)N(C)CCOC)N,CNC(=O)C(=Cc1ccccc1)NC(=O)Nc1ccc2c(c1)n(-c1cc[nH]n1)c(=O)n2Cc1ccccn1,156304059
24650,CN1C=CC(=N1)C2=CN(C3=NC=NC(=C23)N)C4=CN=CC(=C4)COC5=CC(=C(C=C5)C(=O)N6CCNCC6)N,CNC(=O)CCc1nc(C=C2NC(=O)C=C(C3CC3)N2)n(-c2nc3ccc(-n4ccnc4)cc3[nH]2)n1,156304166
24700,CN1C=CC(=N1)C2=CN(C3=NC=NC(=C23)N)C4=CN=CC(=C4)CS(=O)C5=CC6=C(C=C5)C=CC(=N6)N7CCC7,CNc1ccc(C)c(-n2nc(C(=O)Nc3cc4c5c(cnn5CCC4)c3)nc2CCc2csc(C)n2)c1C#N,156303940
24750,CCC1=CC(=C2C=CC(=CC2=N1)OCC3=CC(=CN=C3)N4C=C(C5=C(N=CN=C54)N)[C@@H]6CCCO6)NC(=O)C,Cc1ncccc1COc1ccccc1NC(=O)C1CN(C(=O)c2cnn3cccnc23)c2ccccc2N1,156304122
24800,CN1C=CC(=N1)C2=CN(C3=NC=NC(=C23)N)[C@H]4[C@H]([C@@H]([C@H](O4)COC5=CC6=C(C=C5)C=CC(=N6)C7CCC7)O)F,CCCCN(Nc1nc2c(NC(=O)N3CCCC3C)cnc(-c3ccc(F)cc3)c2c(=O)[nH]1)C(=O)C1CC1C,156327135
24850,C1CN(C1)C2=NC3=C(C=CC(=C3)OC[C@@H]4[C@H]([C@@H]([C@@H](O4)N5C=C(C6=C(N=CN=C65)N)C7=NC=CN=C7)F)O)C=C2,CNC(=O)Nc1ccc(C(Cc2cc[nH]n2)c2cccnc2)c(C(=O)N2CCn3ccnc3C2CCO)c1,166627439
24900,CN1C=CC(=N1)C2=CN(C3=NC=NC(=C23)N)C4=CN=CC(=C4)COC5=CC6=C(C=C5)C=CC(=N6)N7CC(C7)O,Cn1nc(C(C)(C)C)c(N=C(Nc2nc3conc3[nH]2)N2CCCCC2)c1C(=O)Nc1ccc2c(c1)=CCC=2,156304061
24950,CN1C=CC(=N1)C2=CN(C3=NC=NC(=C23)N)C4=CN=CC(=C4)COC5=CC6=C(C=C5)C=CC(=N6)N7CC(C7)N,CC1=NCNC(=O)c2nc(-c3nnc4[nH]c5ccc(CNc6c(C)c(C)cc(C)c6C=N)cc5n34)nc(C)c21,156304158
25000,CN1C=CC(=N1)C2=CN(C3=NC=NC(=C23)N)C4=CN=CC(=C4)COC5=CC6=C(C=C5)C=CC(=N6)N(C)CCO,CC(C)c1nnc2ccc(-c3cccc(NC(=O)NC(C)(C)C(=O)Nc4cnn(-c5ccccc5)c4)c3)nn12,156304120
25050,CN1C=CC(=N1)C2=CN(C3=NC=NC(=C23)N)C4=CN=CC(=C4)COC5=CC6=C(C=C5)C=CC(=N6)N7CC(=O)C7,CCc1nn(-c2c(C(=O)NC3CCN(Cc4nnc5nc(C)ccn45)CC3)[nH]c3ccccc23)c(C)c1C=O,156304168
25100,CN1C=CC(=N1)C2=CN(C3=NC=NC(=C23)N)C4=CN=CC(=C4)COC5=CC6=C(C=C5)C=CC(=N6)N7CC(C7)F,O=C(CN(c1ccc(F)cc1)C1CCCc2cc3cn[nH]c3nc21)NCc1nnc2n1-c1ncccc1C2,156304063
25150,CCC1=CC(=C2C=CC(=CC2=N1)OCC3=CC(=CN=C3)N4C=C(C5=C(N=CN=C54)N)C6=NN(C=C6)C)N(C)C,Nc1nccc2nc(C(=O)N(Cc3cnn(-c4ccncc4)c3)c3ccc(CN4CC=CCC4)cc3)cnc12,156304042
25200,CN1C=CC(=N1)C2=CN(C3=NC=NC(=C23)N)C4=CN=CC(=C4)COC5=CC6=C(C=C5)C=CC(=N6)N7CCC7=O,COc1cccc2c1NC(=O)C(c1nc3cc(-n4nnc(-c5ccccc5)n4)ccc3[nH]1)=CN2C=NC(C)C,156304047
25250,CN1C=CC(=N1)C2=CN(C3=NC=NC(=C23)N)C4=CN=CC(=C4)COC5=CC(=C(C=C5)C(=O)N6CCOCC6)N,Cc1ccc(C=CC(=O)Nc2cccc(-c3cc(-c4ncc5c(C)n[nH]c5n4)[nH]c(=O)n3)n2)o1,156304165
25300,CN1C=CC(=N1)C2=CN(C3=NC=NC(=C23)N)C4=CN=CC(=C4)COC5=CC(=C(C=C5)C(=O)N(C)CC6CC6)N,COc1cc(-c2nc(C)c3c(n2)CCC3)ccc1C=CC(=O)NC(c1nnn[nH]1)c1nc2ccccc2[nH]1,156304084
25350,CC1=NN(C=C1)C2=CN(C3=NC=NC(=C23)N)[C@H]4[C@H]([C@@H]([C@H](O4)COC5=CC6=C(C=C5)C=CC(=N6)N7CCC7)O)F,CCc1ccc(C(C)NC(=O)c2cccc(-n3c(=O)nc4n(c3=O)CC(Nc3cccc(F)n3)=NN4)c2)cc1,156327158
25400,CCC1=CC(=C2C=CC(=CC2=N1)OC[C@@H]3[C@H]([C@@H]([C@@H](O3)N4C=C(C5=C(N=CN=C54)N)C6=NN(C=C6)C)F)O)NC,COc1c(C)nn(C)c1NC(=O)NCc1coc(CNc2ccc3c(c2)NCC(C)C3c2cncc(F)c2)n1,156327130
25450,CN1C=CC(=N1)C2=CN(C3=NC=NC(=C23)N)[C@H]4[C@H]([C@@H]([C@H](O4)COC5=CC6=NC(=NC=C6C=C5)NC7CC7)O)F,CCC1CC1NC(=O)Cn1cc(C=NN=C2Nc3nc(Oc4ccc(F)cc4)nc4c3C(CCC4)N2)c(O)n1,156327141
25500,CC(C)N1C=CC(=N1)C2=CN(C3=NC=NC(=C23)N)[C@H]4[C@H]([C@@H]([C@H](O4)COC5=CC6=C(C=C5)C=CC(=N6)NC)O)F,CC(=NNCc1nc(C)nn1C1C=CC(C)C1)C1=C(C)Nc2[nH]c(=O)[nH]c(=O)c2C1c1cccc(OCF)c1,156327095
25550,CN1C=CC(=N1)C2=CN(C3=NC=NC(=C23)N)[C@H]4[C@H]([C@@H]([C@H](O4)COC5=CC6=C(C=C5)C=CC(=N6)N7CCC7)O)F,CN=c1[nH]c2c(n1C1CCN(C(=O)OCc3ccc4c(c3)[nH]c(=O)n4C)c3cc(C#N)ccc3N1)=CCC=2F,156326957
25600,CNC1=NC2=C(C=CC(=C2)OC[C@@H]3[C@H]([C@H]([C@@H](O3)N4C=C(C5=C(N=CN=C54)N)C6CCC(CC6)(F)F)O)O)C=C1,CCC1CC1CC(=O)NC1C(C)CCCC1(C)CNc1nc2[nH]c(=O)[nH]c(=O)c2c2[nH]c(=O)c(C(F)F)cc12,156327097
25650,CC(C)N1C=C(N=C1)C2=CN(C3=NC=NC(=C23)N)[C@H]4[C@H]([C@@H]([C@H](O4)COC5=CC6=C(C=C5)C=CC(=N6)NC)O)F,CC(NC(=O)NC1CCN(Cc2ccnc(-c3ccccc3F)c2)C(=O)C1)c1noc(Nc2ccc[nH]2)n1,156327045
25700,CNC1=NC2=C(C=CC(=C2)OC[C@@H]3[C@H]([C@@H]([C@@H](O3)N4C=C(C5=C(N=CN=C54)N)C6=CC(=CC(=C6)F)F)F)O)C=C1,CC=c1c(=C(F)F)c(F)c(C)n1CC(C)Nc1ccc(NC(=O)NC(=O)Cc2n[nH]c3c2CC(O)CC3)cc1,156327013
25750,CN1C=CC(=N1)C2=CN(C3=NC=NC(=C23)N)[C@H]4[C@H]([C@@H]([C@H](O4)COC5=CC6=NC(=CN=C6C=C5)N7CCC7)O)F,CNCC1CCCCC1NC(=O)Nc1ccccc1NC(=O)n1nc(-c2cc(F)ncn2)nc1-c1ccco1,156327037
25800,CC1=CC(=C2C=CC(=CC2=N1)OCC3=CC(=CN=C3)N4C=CC5=C(N=CN=C54)N)NCCN(C)CCCCCC6=CC=CC=C6,CC(=CCCCc1c[nH]nc1-c1ccccc1CN1CCCC1)N(CC(=O)Nc1ccnc2[nH]nc(C)c12)c1ccc(C)cc1,156304105
25850,CCC1=CC(=C2C=CC(=CC2=N1)OCC3=CC(=CN=C3)N4C=C(C5=C(N=CN=C54)N)C6=NN(C=C6)C)NCCCN(C)C,CCCC(Nc1ccc(-n2cc(-c3nnnn3-c3ccc(C(=O)NCc4c[nH]nc4C)cc3)cn2)cc1)c1ccccc1,156304112
25900,CC1=CC(=C2C=CC(=CC2=N1)OCC3=CC(=CN=C3)N4C=CC5=C(N=CN=C54)N)NCCN(C)CCCC6=CC=CC=C6,CC(C)n1ncc(NCc2ccc(C=Cc3cc(CNc4nccc5c4CCC5)ccc3C=NNc3ccccc3)o2)n1,156304132
25950,CCC1=CC(=C2C(=CC(=CC2=N1)OCC3=CC(=CN=C3)N4C=C(C5=C(N=CN=C54)N)C6=NN(C=C6)C)F)NCCN(C)C,Cn1cc(-c2cccc(-n3nnnc3CC3CCNc4ccc(NC(=O)c5cnn(-c6ccc(F)cc6)c5)cc43)c2)cn1,156731613
26000,CCC1=CC(=C2C=CC(=CC2=N1)CCC3=CC(=CN=C3)N4C=C(C5=C(N=CN=C54)N)C6=NN(C=C6)C)N(C)CCN(C)C,CC=NNC(=Nc1ccccc1)NCCN(Cc1cn(-c2ccccc2)nn1)Cc1cn(-c2ccccc2C)nc1C,156304094
26050,CCC1=CC(=C2C=CC(=CC2=N1)OC[C@@H]3[C@H]([C@@H]([C@@H](O3)N4C=C(C5=C(N=CN=C54)N)C6=NN(C=C6)C)F)O)N(C)CC7CC7,CC(N=c1c2cc(NC(=O)CC(c3ccccc3)c3ccccc3F)cnc2n(C)c(=O)n1C(C)CCN)c1ncno1,156326998
26100,CN1C=CC(=N1)C2=CN(C3=NC=NC(=C23)N)[C@H]4[C@H]([C@@H]([C@H](O4)COC5=CC6=C(C=C5)C=CC(=N6)N(C)CCS(=O)(=O)C)O)F,CC1OCCC1SCCC(=O)Nc1cc(N(CCc2nc3ccccc3[nH]2)C(=O)C(=O)Nn2cnn(C)c2=O)ccc1F,156327136
26150,CCC1=CC(=C2C=CC(=CC2=N1)OC[C@@H]3[C@H]([C@@H]([C@@H](O3)N4C=C(C5=C(N=CN=C54)N)C6=NN(C=C6)C)F)O)N7CCOCC7,CCCC(C(=O)OC)N1C(=O)c2ccccc2NC1c1ccc(C(N)=CC(=O)Nc2nnnn2-c2ccccc2)cc1,166633069
26200,CNC1=NC2=C(C=CC(=C2)OCC3=CC(=CN=C3)N4C=C(C5=C(N=CN=C54)N)C6=CC=C(O6)CNCCS(=O)(=O)C)C=C1.C(=O)(C(F)(F)F)O,CCC(NC(=O)Nc1ccnc(O)c1F)c1nc2ccc(NC(=O)N(Cc3nc(S)oc3C(=O)O)CC(C)C)cc2n1-c1ccc(F)cc1F,166629085
26250,CC1=CC(=C2C=CC(=CC2=N1)OCC3=CC(=CN=C3)N4C=CC5=C(N=CN=C54)N)NCCN(C)CCCCC6=CC=CC=C6,CCCN(Cc1ccccc1)Cc1cn(-c2ccc3c(c2)CCC3)c(CNC(=O)NC(C)c2n[nH]c(-c3ccccc3)n2)n1,156304099
26300,CC1(CCN(CC1)CC2=CC=C(C=C2)N3CC(=O)NC4(C3)CCN(CC4)C5=NC=NC(=C5)NC6CC6)C,CNC(=O)C1=CC(=CC(c2ccc(NC(C)C)cc2)N2CCCN(c3nc(C)cc(C)n3)C2)CCCN1,166132594
26350,CN1C=CC(=N1)C2=CN(C3=NC=NC(=C23)N)C4=CN=CC(=C4)COC(=O)NC5=NC(=CC=C5)N6CCC6,CCc1nc(C)n2nc(NC(=O)c3cc(C(=O)N(C)Cc4nc5nc(C)ccc5[nH]4)ccc3C)nc2n1,156304130
26400,CC1=CC=C(O1)C2=CN(C3=NC=NC(=C23)N)[C@H]4[C@H]([C@@H]([C@H](O4)COC5=CC6=C(C=C5)C=CC(=N6)NC)O)F,CNC(=O)NC(=O)COc1cccc(-c2nc(-c3ccc(F)cc3C(=O)NC3CCCC(C)C3)n[nH]2)c1,156326954
26450,C1CCC(CC1)CNCC2=CN3C=C(N=C3C=C2)CNC(=O)C4=NC5=CC=CC=C5N=C4,CC1(NC(=O)c2ccnn2-c2ccc(Nc3nccn3-c3ccccc3)cc2)CCC1,163239137
26500,C1CC(C1)CNCC2=CC3=C(N2)C=C(C=C3)CN4C=C(N=N4)C5=CC(=O)N6C=CC=CC6=N5,Cc1ccc(C=C2N=CN(CCn3cnnc3-c3ccc(-c4cc[nH]n4)cc3)C2=O)cc1C,156461707
26550,CC1(CCN(CC1)CC2=NC=C(C=C2)N3CCOC4(C3)CCN(CC4)C5=NC=NC(=C5)NCC6=CC=CC=C6)C,CCNC1=Nc2ncnc(N(C)C)c2N(C(=O)C=Cc2cccc(CN3Cc4ccccc4C3)c2)C1C(C)(C)C,156587340
26600,CN1C=CC(=N1)C2=CN(C3=NC=NC(=C23)N)C4=CN=CC(=C4)CN(C)CC5CC5,CCc1n[nH]c(CC)c1CN1CCc2c(cnnc2Nc2cnn(C(C)C)c2)C1,156304134
26650,CNC1=NC2=C(C=CC(=C2)OCC3=NC(=CS3)N4C=C(C5=C(N=CN=C54)N)Cl)C=C1,CCc1nc(Cl)ccc1-c1nnc(NC(=O)Nc2nn(-c3ccccc3)cc2C)s1,156304049
26700,C1CC(C1)CNCC2=CC3=C(N2)C=C(C=C3)CNC(=O)C4CCCC5C4CNN5,CC(Cn1ccnc1CNC(=O)NC1CC1c1ccccc1N)c1ccccc1,168489989
26750,C1CC(C1)CNCC2=CC3=C(N2)C=C(C=C3)CC4=CN(N=N4)C5=CC=CN6C5=CN=C6,Cc1[nH]c2cn3nc(Cc4ccccc4)nc3nc2c1CNCc1ccc(C#N)cc1,156442361
26800,CN1C=CC(=N1)C2=CN(C3=NC=NC(=C23)N)C4=CN=CC(=C4)COC5=CC6=C(C=C5)C=CC(=N6)N7CC(C7)(CO)CO,CC(N)C(=O)NC(=O)Nc1ccccc1NC(=O)c1ccccc1-c1nc(Cc2ccn(C)n2)nn1-c1ccccc1,156304075
26850,CN1C=CC(=N1)C2=CN(C3=NC=NC(=C23)N)C4=CN=CC(=C4)COC5=CC6=C(C=CC(=N6)N7CCC7)C(=C5)F,CN1Cc2ccccc2C1=NNc1nc(NCc2ccc(-c3nnc(-c4ccc(F)cc4)o3)cc2)n[nH]1,156304065
26900,COCCN1C=CC(=N1)C2=CN(C3=NC=NC(=C23)N)C4=CN=CC(=C4)COC5=CC6=C(C=C5)C=CC(=N6)N7CCC7,Cc1ccc(N(Cc2ccncc2)C(=O)CCc2nnnn2-c2cccc(C(=O)Nc3c[nH]nc3C(C)C)c2)cc1,156304072
26950,C1[C@@H]([C@H]([C@H]([C@@H]1N2C=C(C3=C(N=CN=C32)N)Br)O)O)C4=CC(=CC=C4)C(=O)NCC56CC(C5)(C6)F,N#Cc1ccc2c(c1)NC(=O)c1cnccc1N(CC(O)C(F)Br)CC(N)=C1CCCC1C2O,163239283
27000,CNC1=NC2=C(C=CC(=C2)OC[C@@H]3[C@H]([C@H]([C@@H](O3)N4C=C(C5=C(N=CN=C54)N)CC=C)O)O)C=C1,Cc1ccc(Cn2c(=O)[nH]c3c(c2=O)C(c2c(-c4ccc(C)cc4)c(=O)[nH][nH]c2=O)NN3)cc1,156327049
27050,CNC1=NC2=C(C=CC(=C2)OC[C@@H]3[C@H]([C@@H]([C@@H](O3)N4C=CC5=C(N=C(N=C54)C(=O)OC)N)F)O)C=C1,CC(CO)CNC(=O)c1ccc(-c2ccc(F)cn2)nc1C(=O)N1CC(NC(=O)NC=O)CC1C,166634057
27100,C1C[C@H]2[C@H](C[C@@H]1O2)CNCC3=CC4=C(N3)C=C(C=C4)CNC(=O)C5=CC(=O)N6C=CC=CC6=N5,Cc1cc2[nH]c(CCC(=O)NC3COC4CN(C(=O)c5ccccc5)CC34)nc2c2c1CNC2,166632082
27150,C1=CC(=CC2=C1C=CC(=N2)N)OC[C@@H]3[C@H]([C@H]([C@@H](O3)N4C=C(C5=C(N=CN=C54)N)Br)O)O,Cc1cc(NC(=O)NNC(=O)Nc2cccc(C(=O)NC3COC(N)C3)c2)ccc1Br,166625870
27200,C1=CC(=CC2=C1C=CC(=N2)N)OC[C@@H]3[C@H]([C@H]([C@@H](O3)N4C=CC5=C(N=CN=C54)N)O)O,CC(NC(=O)CC(C)N(C)C(=O)Nc1cccc(O)c1)c1cc2c[nH]nc2[nH]c1=O,126637970
27250,CNC1=NC2=C(C=CC(=C2)OC[C@@H]3[C@H](C[C@@H](O3)N4C=C(C5=C(N=CN=C54)N)Cl)O)C=C1,COc1cc(CCN2CCNC(=O)c3c[nH]nc32)c(NC2NCCC2=C(C)Cl)cc1O,156327123
27300,C1=CC2=C(C=CN=C2C=C1OC[C@@H]3[C@H]([C@@H]([C@@H](O3)N4C=C(C5=C(N=CN=C54)N)Br)F)O)N,Cc1c2c(NC(=O)NC3CCc4c3cc(F)c(Br)c4O)cc(=O)[nH]c2nn1CCCN,156327066
27350,C1CC2(C1)CCN(C2)CCC/C=C/[C@@H]3[C@H]([C@H]([C@@H](O3)N4C=C(C5=C(N=CN=C54)N)Br)O)O,CCc1n[nH]c(C)c1CC(C(=O)Nc1ccccc1N=C1CCC(C(N)=O)O1)C(C)Br,163239201
27400,C1CCN2C(=NC(=CC2=O)C(=O)NCC3=CC4=C(C=C3)C=C(N4)CNCC5CCC5)C1,C=CC(=CC)N=C1NCCN1Cc1cccc(C(=O)NNC(=O)c2ccc(C)cc2)c1,156748994
27450,CCC1=CC(=C2C=CC(=CC2=N1)OC[C@@H]3[C@H]([C@@H]([C@@H](O3)N4C=C(C5=C(N=CN=C54)N)Br)F)O)N,CC(NC(=O)Nc1cocc1F)C(=O)Nc1ccc(NC2=NCc3ccc(Br)cc3N2)cc1,166628309
27500,CN(C)C1=NC2=C(C=CC(=C2)OC[C@@H]3[C@H]([C@H]([C@@H](O3)N4C=CC5=C(N=CN=C54)N)O)O)C=C1,CC1Cc2ccccc2N(C=CN=c2nc(C(O)CNC(=O)C3CCCO3)[nH][nH]c2=O)C1,126637528
27550,CCNC1=NC2=C(C=CC(=C2)OC[C@@H]3[C@H]([C@H]([C@@H](O3)N4C=CC5=C(N=CN=C54)N)O)O)C=C1,CCc1cc(C)c2[nH]cc(NC(=O)NC(C)C(=O)OCC(=O)Nc3cc(C)[nH]n3)c2c1,156326997
27600,CNC1=NC2=C(C=CC(=C2)OC[C@@H]3[C@H]([C@@H]([C@@H](O3)N4C=C(C5=C(N=C(N=C54)N)N)Br)F)O)C=C1,C=C(F)C(=C)C1=NC(Br)NC(=O)C1C(=O)NC(=O)Nc1ccc(-c2cn(CC)c(N)n2)cc1,156327110
27650,CNC1=NC2=NC(=NC=C2C=C1)OC[C@@H]3[C@H]([C@H]([C@@H](O3)N4C=C(C5=C(N=CN=C54)N)Br)O)O,CC(NC(=O)NO)C1OCCC1NC(=O)c1c(N)nc2cc(Br)ccc2c1-n1cncn1,166632717
27700,CCCC(=O)C1=CN(C2=NC=NC(=C12)N)[C@H]3[C@H]([C@@H]([C@H](O3)COC4=CC5=C(C=C4)C=CC(=N5)NC)O)F,Cc1oc(CN(C)C(=O)C=Cc2ccc(F)c(C(C)NC(=O)NCC#N)n2)cc1C(=O)NC1CC1C,164570044
27750,CN(C)CCNC1=CC(=NC2=C1C=CC(=C2)OCC3=CC(=CN=C3)N4C=CC5=C(N=CN=C54)N)C6CCC6,Cn1cc(-c2cccc(NC(=O)C3(NCc4ccccc4)CCN(c4nc(C5CCC5)n[nH]4)CC3)c2)cn1,156304005
27800,CCC1=CC(=C2C(=N1)C=C(C=N2)OCC3=CC(=CN=C3)N4C=C(C5=C(N=CN=C54)N)C6=NN(C=C6)C)N7CCOCC7,CCC(C)Cc1nc(-n2ccc(NC(=O)c3ccccc3-c3ccc(N(C)C)cc3)n2)nc2c1c(=O)[nH]c1ncnn12,156304073
27850,C1CC(C1)CNCC2=CC3=C(N2)C=C(C=C3)CNC(=O)C4=C5C=NNC5=CC=C4,Cc1[nH]ccc1-c1cccc(Cn2c(=O)n(CC(C)CCN)c3ccccc32)n1,156461655
27900,CC1=CC(=C2C=CC(=CC2=N1)OCC3=CC(=CN=C3)N4C=C(C5=C(N=CN=C54)N)Cl)N,O=C(NCc1ccc(-c2nc[nH]n2)cc1)Nc1cccc(Nc2ccc(Cl)cn2)c1,166039042
27950,CNC1=NC2=C(C=CC(=C2)OCC3=CC(=CN=C3)N4C=C(C5=C(N=CN=C54)N)Cl)C=C1,Cc1ccc2c(c1)nc(C1CC1)n2CCCc1nccc(Nc2c(Cl)nc[nH]c2=O)n1,156296242
28000,CCC1=CC(=C2C=CC(=CC2=N1)OCC3=CC(=CN=C3)N4C=CC5=C(N=CN=C54)N)N,CCNCc1ccc(-c2n[nH]c(=Nc3cccc(C(=O)Nc4ccccc4)n3)[nH]2)cc1,166039041
28050,C1=CC(=CC2=C1C=CC(=N2)N)OCC3=CC(=CN=C3)N4C=CC5=C(N=CN=C54)N,Cc1cc(C(=O)Cn2c(N)nc3nc4cnccc4nc32)c(N)c2c1CCCC2,166039035
28100,CC1=CC2=C(N=CN=C2N1C3=CN=CC(=C3)COC4=CC5=C(C=C4)C=CC(=N5)NC)N,Cc1nn(CCNC(=O)NCc2nc3[nH]ncc3c(-c3ccccc3)c2C)c(C)c1C,156303963
28150,CC1=C2C=CN(C2=NC=N1)C3=CN=CC(=C3)COC4=CC5=C(C=C4)C=CC(=N5)NC,Cc1ccc(-c2nnc(NC(=O)c3cc(C)nc(C)n3)n2Cc2ccccc2)cc1,166039028
28200,CNC1=NC2=C(C=CC(=C2)OCC3=CC(=NC=C3)N4C=C(C5=C(N=CN=C54)N)Cl)C=C1,Cc1cc(-c2nc(N)cc(Nc3ccnn3-c3ccccc3)n2)c2c(c1Cl)CNC2=O,156304010
28250,C1CC(C1)CNCC2=CC3=C(N2)C=C(C=C3)CN4C=CC(=C4)C5CCCC6C5CNN6,CNc1ccc2c(c1)C1CCCCC1NC(c1cccc(-c3[nH]nc(C)c3C#N)c1)C2,168489996
28300,CCCC1=CC(=C2C=CC(=CC2=N1)CCC3=CC(=CN=C3)N4C=C(C5=C(N=CN=C54)N)C6=NN(C=C6)C)N,CCN(CCCn1ccc2c(C#N)cccc21)c1nc(N)c2c(NC3CCc4ccc(C)cc43)n[nH]c2n1,156304035
28350,C1C[C@H](OC1)C2=CN(C3=NC=NC(=C23)N)[C@H]4[C@H]([C@@H]([C@H](O4)COC5=CC6=C(C=C5)C=CC(=N6)N7CCC7)O)F,Cn1c(=O)c(=O)[nH]c2ccc(NC(=O)c3cccc(N(C(=O)C4C(N)C4C#N)c4ccc(F)cc4)c3)cc21,164610109
28400,CCC1=CC(=C2C=CC(=CC2=N1)CCC3=CC(=CN=C3)N4C=C(C5=C(N=CN=C54)N)C6=NN(C=C6)C)NCCOC,Cc1ccc(-c2nc(CNc3ccc(C)n4ncc(CNC(=O)CNCCc5cn6ccccc6n5)c34)c[nH]2)cc1,156304091
28450,CCC1=CC(=C2C(=CC(=CC2=N1)CCC3=CC(=CN=C3)N4C=C(C5=C(N=CN=C54)N)C6=NN(C=C6)C)F)NCCN(C)C,Cc1cnc(CNCCCn2cnnc2C2CCN(c3ccc(-c4ccc(F)cn4)c(NCc4ccccn4)c3)CC2)[nH]1,156304081
28500,CN1C=CC(=N1)C2=CN(C3=NC=NC(=C23)N)C4=CN=CC(=C4)CCC5=CC6=NC(=C(C=C6C=C5)Br)N,CCCc1nnc(-c2c(-c3ccc(-c4ccc5c(c4)CCCN5)c(Br)c3)nn(-c3cn[nH]c3)c2N)[nH]1,156304023
28550,CC1=CC(=C2C=CC(=CC2=N1)OCC3=CC(=CN=C3)N4C=C(C5=C(N=CN=C54)N)Cl)NCCN(C)C,CCc1nc2[nH]c(CN3CC(=CC(=O)NCc4ccc(Cl)cc4)c4ccccc4C3)nc3n[nH]c1n32,166039049
28600,CCC1=CC(=C2C=CC(=CC2=N1)CCC3=CC(=CN=C3)N4C=C(C5=C(N=CN=C54)N)C6=NN(C=C6)C)N(C)CCOC,CCc1cccc(CCN(CCC(=O)Nc2cccc3cccnc23)c2ccnc(N=c3[nH][nH]c4nccn34)c2C)c1,156303996
28650,CCC1=NC(=C2C=CN(C2=N1)C3=CN=CC(=C3)COC4=CC5=C(C=C4)C=CC(=N5)NC)N,CC1=CC(=CN)c2cnc3[nH]ncc3c2N1CC(=O)Nc1ccc(-c2cccnc2)cc1,166039030
28700,CC(C)(C)C1=NC2=C(C=CC(=C2)OCC3=CC(=CN=C3)N4C=CC5=C(N=CN=C54)N)C(=C1)N,Cc1cc2c(cc1CNC(=O)c1[nH]ncc1-c1nc3ccccc3[nH]1)C1CCCCC1=NN2,156304003
28750,CCC1=C(C=C(C=N1)N2C=C(C3=C(N=CN=C32)N)Cl)COC4=CC5=C(C=C4)C=CC(=N5)NC,CCC(=O)Nc1ccc(-c2cncc(NNc3ncccn3)n2)cc1-c1cc(C)cc(Cl)c1,156304121
28800,CNC1=NC2=C(C=CC(=C2)OCC3=CC(=CN=C3)N4C=CC5=C(N=C(N=C54)N(C)C)N)C=C1,CCc1nc(C(C)NC(=O)NCc2cc(-c3c(C)cccc3C)[nH]n2)nn1-c1ccccn1,166039034
28850,C1CC(C1)C2(CC2)NCC3=CC4=C(N3)C=C(C=C4)CNC(=O)C5=CC(=O)N6C=CC=CC6=N5,Cc1ccc(N(C(=O)c2ccccc2NC(=O)NCCn2ccc3c2=CCN=3)C2CC2)cc1,156461789
28900,C1CC(C1)CNCC2=CC3=C(N2)C=C(C=C3)CC4=CN(N=N4)C5=CN=CC6=CC=CC=C65,Cc1[nH]c2cc3ccccc3cc2c1-c1nc(C2CCCN(CN3C=CCC3)C2)n[nH]1,156442381
28950,C1CCC(CC1)CNCC2=CN3C=C(N=C3C=C2)CNC(=O)C4=CC(=O)N5C=CC=CC5=C4,CCCN(Cc1ccccc1)C(=O)C=Cc1cccc(NCc2[nH]c(=O)n3ncccc23)c1,163239101
29000,CCC1=CC(=C2C=CC(=CC2=N1)OCC3=CC(=CN=C3)N4C=CC5=C(N=CN=C54)N)NCCOC,Cc1c(C(=O)C(C)(C)C)cnn1-c1ccc(NC(=O)NCc2ccccc2Cc2nc[nH]n2)cc1,156303986
29050,CCCC(=O)C1=CN(C2=NC=NC(=C12)N)C3=CN=CC(=C3)COC4=CC5=C(C=C4)C=CC(=N5)NC,CC1C(=O)N(c2ccccc2)CCN1C(=O)Nc1ccc(CCCNc2n[nH]c3cc[nH]c23)cc1,156303943
29100,CNC1=NC2=C(C=CC(=C2)OCC3=CC(=CN=C3)N4C=C(C5=C(N=CN=C54)N)CCN(C)C)C=C1,CCc1c(CNc2ncnc3c2CCC3)c[nH]c1C(=O)NCc1nc(C)ccc1Cn1ccnc1,156304022
29150,CNC1=NC2=C(C=CC(=C2)OCC3=CC(=CC=C3)N4C=C(C5=C(N=CN=C54)N)CC6CC6)C=C1,CC1=CCC=C1c1ccc(NC(=O)CCCNc2ccn3nc(-c4ccccc4)nc3n2)cc1,156303981
29200,CN1C=CC(=N1)C2=CN(C3=NC=NC(=C23)N)C4=CN=CC(=C4)COC(=O)NC5=NC(=CC=C5)Br,CC(NC(=O)Nc1ccccc1C(=O)Nc1ccnn1C)c1nncn1-c1cccc(Br)c1,156304138
29250,CNC1=NC2=C(C=CC(=C2)CCC3=CN=CC(=N3)N4C=C(C5=C(N=CN=C54)N)C6CCCC6)C=C1,Cc1ccc(N2CCC(c3nc(Nc4c[nH]nc4-c4ccccc4)ncc3C#N)CC2)cc1C#N,156304143
29300,CCC1=CC(=C2C=CC(=CC2=N1)OCC3=CC(=CN=C3)N4C=CC5=C(N=CN=C54)N)N(C)C.C(=O)(C(F)(F)F)O,Cc1[nH]c(C(=O)c2ccc(Nc3nc[nH]c3F)cc2)cc1C(=O)N1CCN(C(=O)Nc2c(F)cccc2F)CC1,166635850
29350,CCC1=CC(=C2C(=CC(=CC2=N1)OCC3=CC(=CN=C3)N4C=C(C5=C(N=CN=C54)N)COC)F)NCCOC,CCc1nc(-c2ccc(-n3nccc(NC(=O)CCNc4ccc(F)c(C)c4C4=CCN=C4)c3=O)cc2)no1,166631910
